ActorID;FirstName;LastName;IsMale;BirthYear;BirthLocation;DeathYear;DeathLocation
670203;Ali;Heimstreet;False;;;;
691185;Kit;Harington;True;1986;London, England, UK;;
1664151;Robert (II);Sterne;True;;;;
318919;Robin (I);Chow;True;;;;
719903;Eliott;Howard;True;;;;
1075751;Alexandre (I);Matos;True;;;;
137376;Luke (I);Barnes;True;;;;
1078701;Elias Kudzai;Manyara;True;;;;
1376756;Ruth;Purdmaa;False;;;;
1221005;Barry John;O'Connor;True;;;;
1256796;Samantha;Overides;False;;;;
516728;Ken (IV);Fletcher;True;;;;
1081131;Philippe (III);Maurice;True;;;;
850722;Maria;Keck;True;;;;
948869;Tim (III);Landers;True;;;;
918285;Vendula;Kroupov;False;;;;
1700113;Yousef 'Joe';Sweid;True;;;;
1220903;Rafael (IX);Navarro;True;;;;
1221035;P. Joseph;Nemeth;True;;;;
694024;Kelly (I);Hill;False;;;;
339515;David;Coakley;True;;;;
1081457;Edward Lee;McClain;True;;;;
243465;Ben (V);Burton;True;;;;
1505324;Beatriz dos;Santos;False;;;;
695432;David (CXXII);Harris;True;;;;
86597;Alejandro (IV);Arroyo;True;;;;
184316;Jon Thor;Birgisson;True;1975;Iceland;;
755776;Marianne;Iseli;False;;;;
34282;Katie;Alexander Thom;False;;;;
1617968;Sophia (II);Smith;False;;;;
539113;Frederick;Franklain;True;;;;
435980;Helen (V);Edwards;False;;;;
382274;Mackenzie;Crook;True;1971;Maidstone, Kent, England, UK;;
1037600;Stella;Lutz;False;1982;Rijeka, Croatia;;
1279700;Alan;Paris;True;;;;
36359;Rubi;Ali;False;;;;
1680451;Barb J.;Stroud;False;1954;St. Louis, Missouri, USA;;
1077604;Hadi;Mansouri;True;;;;
381755;Ben (I);Crompton;True;1974;Stockport, Greater Manchester, England, UK;;
1083613;Kazi;Maruf;True;;;;
418021;Rob;de Groot;True;;;;
879953;Pat (VIII);King;False;;;;
1081704;Cameron (I);Martin;True;1985;Albuquerque, New Mexico, USA;;
1077740;Dom;McArthy;True;;;;
1205985;David (IV);Myles;True;;;;
695206;Paula;Harrison;False;;;;
1077708;;Mansweat;True;;;;
703667;El;Hasani;True;;;;
298989;Kay;Chaque;False;;;;
1037600;Danielle;Lyn;False;;;;
1215860;Daniel;Naprous;True;;;;
986497;Niamh;Lennon;False;;;;
683884;Ian;Hanmore;True;;;;
1486993;Kayo;Sakata;False;;;;
1255979;Wendi;Otto;False;;;;
945123;Colette;Landry;False;;;;
34282;Hera;Alexa;True;;;;
1496827;Cliff;Samara;True;;;;
666545;Ruair;Heading;True;1991;Dublin, Ireland;;
240657;Eric (V);Burnett;True;;;;
1666087;Pips;Taylor;False;;;;
865849;Mike (II);Kestler;True;;;;
1652150;Ryichi;Takayanagi;True;;;;
1745664;Mathew;Valois;True;;;;
709083;B.J.;Hogg;True;1955;Lisburn County, Antrim, Northern Ireland, UK;;
582981;Ty;Gerritsen;True;;;;
77724;Aaron (XI);Archer;True;;;;
693679;Clint;Higham;True;;;;
225811;Dale;Bowkett;True;;;;
1657515;Vagn;Steen;True;;;;
703667;Liang-Fong;Hsu;False;;;;
585219;Franz-Christoph;Giercke;True;;;;
1658838;Clay;Tanning;True;;;;
166452;Matthew (I);Berger;True;;;;
240657;Maria;Brosi;True;;;;
166452;Shahar;Berlovich;True;1974;Tel Aviv, Israel;;
501339;Melissa (VII);Fisher;False;;;;
360495;Ral;Cordn;True;;;;
1700739;Stephen (I);Swift;True;1973;Dublin, Ireland;;
355457;Krysten;Coombs;True;;;;
667854;Peter (I);Hack;True;;;;
161599;Ryan (VII);Bennett;True;;;;
486059;Alexandra;Dowling;False;1990;United Kingdom;;
1859209;Maisie;Williams;False;1997;Bristol, England, UK;;
161265;Rebecca (II);Benson;False;;;;
1086092;Samantha;McEwan;False;;;;
1039300;Michael (III);Lyon;True;;;;
138426;Marko;Bax;True;;;;
1701542;Jamaaladeen;Tacuma;False;;;;
1055640;runn Magnea;Magnsdttir;False;;;;
1079572;Rosanna;Marsicano;False;;;;
83135;Simon (I);Armstrong;True;;;;
588439;Leigh;Gill;True;;;;
990684;Larissa;Liburd;True;;;;
262083;Rhonda;Carling-Rogers;False;;;;
191591;Jean-Claude;Bliant;True;;;;
819873;Marko;Juraga;True;1984;Zagreb, Croatia/Hrvatska;;
254684;Rob;Callender;True;;;;
557258;Ricardo;Gamboa;True;;;;
483281;Richard (II);Doubleday;True;;;;
1018747;Derek (I);Lord;True;;;;
1299310;Graeme;Peacock;True;;;;
248672;The;Cactus Cowboys;True;;;;
1191302;Leticia;Moth;False;;;;
1692179;Michael;Sunjo;True;;;;
1504942;Praskovya;Rybnikova;False;;;;
1873797;Lois;Winstone;False;1982;Westminster, London, England, UK;;
1104885;Jill;McTigue;False;;;;
163376;Madeline (I);Berger;False;;;;
529910;Will (II);Fortune;True;;;;
1229816;Brian (I);Nicholas;True;1967;Oklahoma City, Oklahoma, USA;;
241076;Brett (V);Butler;True;;;;
675549;Ray;Hemphill;True;1932;West Carroll, Louisiana, USA;2009;Burbank, California, USA
1089443;John;McEwan;True;;;;
1077604;Ruba Thrse;Mansouri;False;;;;
503009;Tommy;Dunne;True;;;;
675714;Jody;Halse;True;;;;
328955;Joe;Claflin;True;;;;
240657;Linda (II);Butler;False;;;;
91689;Roger;Ashton-Griffiths;True;1957;Hertfordshire, England, UK;;
75687;Robert;Aramayo;True;;;;
1226292;Hilary;O'Shaughnessy;False;;;;
142854;Gary (I);Beaty;True;;;;
1749760;Theo;van Duivenbode;True;;;;
1010769;Polly;Logan;False;;;;
1162877;Maria;Mona;False;;;;
1082024;Brian;McClellen;True;1993;Cleveland, Ohio, USA;2014;Valhalla, New York, USA
69188;Kate (II);Anthony;False;1971;London, England, UK;;
166452;Ciaran;Bermingham;True;;;;
248672;Elizabeth;Cadwallader;False;;;;
339515;Tansey;Coetzee;False;;;;
1477170;Matthew;Romero Moore;True;;;;
476730;Ron;Donachie;True;1956;Dundee, Tayside, Scotland, UK;;
347710;Lionella;d'Asprea;False;;;;
1082024;Juan (IV);Martn;True;;;;
682158;Suzy;Herman;False;;;;
238842;Kim;Burmedez;False;;;;
252336;Lucas;Calderon;True;;;;
809988;Morgan C.;Jones;True;;;;
347710;Markeith;Coleman;True;;;;
882995;Christopher;Kinkead;True;1997;Belfast, Northern Ireland;;
241076;Kishanna Poteat;Brown;False;;;;
198493;Sofia;Bobtcheva;False;;;;
709700;Bettina;Hayes;False;;;;
695206;Conleth;Hill;True;1964;Ballycastle, County Antrim, Northern Ireland, UK;;
435980;Martin (I);Delaney;True;1982;Kent, England, UK;;
668554;Harold;Hecht Jr.;True;;;;
516728;Graciela (I);Flores;False;;;;
1817173;Martha (I);Washington;False;;;;
698682;Brent;Hinds;True;;;;
1224569;Barbara;Newberry;False;;;;
849608;Paul (II);Kealyn;True;;;;
676027;Richard (II);Halverson;True;;;;
536126;Gianmaria;Francini;True;;;;
855443;Ben (XIX);Kelly;True;;;;
294083;Ricky;Champ;True;;;;
1088924;Michael;McElhatton;True;1963;Terenure, Dublin, Ireland;;
394868;Niall;Cusack;True;;;;
1506038;Richard;Rycroft;True;;;;
228708;Anthony (II);Boyle;True;;;;
705182;Christopher (II);Hodge;True;;;;
751238;Ralph;Ineson;True;1969;Leeds, West Yorkshire, England, UK;;
1163295;Paul (II);Monahan;True;;;;
242326;Tim (V);Burr;True;;;;
988352;Rose;Leslie;False;1987;Aberdeen, Scotland, UK;;
959143;Rosabell;Laurenti Sellers;False;1996;Santa Monica, California, USA;;
425402;Sandra (V);Dee;False;;;;
1083351;Keegan J.;Martin;True;;;;
1081704;Vinita;McClennon;False;;;;
425354;Antoine;de Turckheim;True;;;;
78696;Philip;Arditti;True;;;;
254883;Santosia;Camron;False;;;;
1842628;Peter (I);Wheeler;True;1934;England, UK;2010;Manchester, England, UK
942319;Maxwell;Laird;True;;;;
176288;Esm;Bianco;False;1982;St. Albans, Hertfordshire, England, UK;;
1221005;Tom;Nemetchek;True;;;;
709979;Lucy (IV);Hayes;False;;;;
743242;Jrgen;Hgli;True;;;;
587611;David;Gilders;True;;;;
483281;Lou;Farrel;True;;;;
1903266;Ben (IV);Yates;True;;;;
1808092;Lisa (II);Walsh;False;;;;
695432;Trixiebell;Harrowell;False;;;;
420148;Karl (I);Davies;True;1982;Manchester, England, UK;;
69188;Adam;Antares;True;;;;
911814;Ollie;Kram;False;;;;
856915;Patrick (L);Kelly;True;;;;
849461;Poppy;Kelly;False;;;;
1664982;Conan;Stevens;True;;;;
1392835;Debra;Radford;False;;;;
501339;Derek;Fialkiewicz;True;;;;
141517;Shannon;Baxter;False;;;;
1669027;Natalia;Tena;False;1984;London, England, UK;;
1625986;Justin (III);Snow;True;;;;
938364;Isabella;Laforet;False;;;;
1075751;Aaron (II);Massey;True;;;;
248771;Regina;Cafarelli;False;;;;
86597;Sabina;Arthur;False;;;;
1162156;Patrick J;Molloy;True;;;;
1299310;Marissa;Pfaff;False;;;;
420610;Carmem;de Oliveira;False;;;;
1242394;Danny;Olvera;True;;;;
1299310;Kali;Peacock;False;;;;
1404356;Ricardo (XII);Ramos;True;1992;El Paso, Texas, USA;;
525073;Kelsey (I);Ford;False;;;;
852010;Sorcha;Kenny;False;;;;
494351;Anton;Ferlin;True;;;;
485635;Seger;Dow;True;;;;
89592;Mandana;Aslani;False;;;;
418021;Evan (I);David;True;;;;
1443695;Diana (I);Rigg;False;1938;Doncaster, Yorkshire, England, UK;;
141634;Bart the (II);Bear;True;2000;Alaska, USA;;
141517;Sean;Bean;True;1959;Sheffield, South Yorkshire, England, UK;;
1078033;;Manuela (VI);False;;;;
538216;Brian (XIII);Frank;True;;;;
1079739;Sally (III);Marsh;False;;;;
1797495;Aeryn;Walker;False;;;;
230651;Colton;Brewer;True;;;;
138357;Jean E.;Bartlett;False;;;;
244871;Jemaine;Brown;True;;;;
666545;Timo;Haara;True;;;;
376571;Jeffrey;Cranor;True;;;;
1505324;Patrick (XII);Ryan;True;;;;
743242;Kerry;Ingram;False;1999;Slough, Buckinghamshire, England, UK;;
721802;Rhys;Howells;True;;;;
888395;Sahara;Knite;False;1975;England, UK;;
669226;Hayat;Haigoune;False;;;;
450117;Nathalie;Emmanuel;False;1989;Southend-on-Sea, Essex, England, UK;;
347912;Julie (IV);Collins;False;;;;
483001;Jeff;Farr;True;;;;
1282769;Megan;Parkinson;False;;;;
237283;Thomas;Brodie-Sangster;True;1990;London, England, UK;;
254883;Sam;Callis;True;1973;Sussex, England, UK;;
997944;Loni;Lindsey;False;;;;
1808129;Martin (III);Walsh;True;;;;
1078701;Vinnie;McCabe;True;;;;
330870;Iona;Clarke;False;;;;
1591374;Carolina;Silva Zimmer;False;;;;
222120;Anika;Bozic;False;;;;
450117;Suzanne;Devoyod;False;;;;
1410279;Paul;Rattray;True;;;;
1905819;Miltos;Yerolemou;True;;;;
1466531;Struan;Rodger;True;1946;England, UK;;
1617968;Jasmine (VI);Smith;True;;;;
1477170;Heidi;Romanova;False;;;;
681737;Chelsey Colleen;Hankins;False;;;;
963346;Jorge;Laurentino;True;;;;
1479704;Peter (II);Rooney;True;;;;
509181;Orri P.;Dyrason;True;1977;Iceland;;
1934738;The;Zoppes;True;;;;
1547824;Matthew;Scurfield;True;1948;England, UK;;
1094693;Tim;McInnerny;True;1956;Cheadle Hulme, Cheshire, England, UK;;
447762;Maria;DeSisto;False;;;;
486271;Sandra;Fayard;False;;;;
991799;Sam;Liebert;True;;;;
1240614;Jack;Olohan;True;;;;
726608;Ella (II);Hughes;False;1995;Southampton, England, UK;;
1657515;Hsin-chang;Tang;True;;;;
972419;Fergus;Leathem;True;;;;
485635;Margaux;Faure;False;;;;
1224145;Jer;O'Leary;True;;;;
232388;Peteris;Briedis;True;;;;
1754420;Jimmy;Vanbrunt;True;;;;
1457715;Luke (I);Roberts;True;1977;Suffolk, England, UK;;
991926;Michael (I);Liebmann;True;1969;Michigan, USA;;
681737;Michelle;Heredia;False;;;;
506493;Dijana;Dvornik;False;;;;
1045867;Sarah;MacKeever;False;;;;
847497;Irene;Kelleher;False;;;;
1492173;Philippe (IV);Roy;True;;;;
1500814;Clive;Russell;True;1945;Hampshire, England, UK;;
487583;P.K.;Doyle;True;;;;
1938912;Ragnar;rhallsson;True;;;;
1083613;Stephan (I);May;True;;;;
1225632;'Doc';Newman;True;;;;
521220;Kanita Ita;Focak;False;;;;
1754420;Indira;Varma;False;1973;Bath, Somerset, England, UK;;
1082024;Daniel (III);Martin;True;;;;
347925;Fred;Confalonieri;True;;;1994;Rio de Janeiro, RJ, Brazil
481372;Telmo;Faria;True;;;;
853796;Andy;Kellegher;True;;;;
195521;James;Bleakney;True;;;;
719903;Hailley;Howard;False;;;;
445003;Matteo;Elezi;True;;;;
711234;Alex (III);Holland;True;;;;
1365134;Laura;Pradelska;False;;;;
1079388;Regina Shanygne;Marshall;False;;;;
1059312;Gordon (II);Mahon;True;;;;
59232;Jacob (II);Anderson;True;1990;London, England, UK;;
1283366;Art;Parkinson;True;2001;Moville, County Donegal, Ireland;;
675549;Jessica;Henwick;False;1992;England, UK;;
1797495;Michael;Waelter;True;;;;
1903266;Sabrina;Yep;False;;;;
1669615;Owen;Teale;True;1961;Swansea, West Glamorgan, Wales, UK;;
716960;Derek;Horsham;True;;;;
1223675;Julek;Neumann;True;;;;
473403;Loreta;Ezerina;False;;;;
1667818;Johnnie (I);Stewart;True;1917;Tonbridge, Kent, England, UK;2005;England, UK
445003;Dorothy;Eliason;False;;;;
1721607;Daniel;Tuite;True;;;;
1202003;Hannah (I);Murray;False;1989;Bristol, England, UK;;
683884;Maria;Herpich;False;;;;
463956;Ivailo (I);Dimitrov;True;;;;
1791035;Ursula (I);von Wiese;False;1905;Berlin;2002;Zrich, Zrich, Switzerland
142619;Angela;Beal;False;;;;
1077740;;Mashiro;False;;;;
1013836;Kelly (III);Long;False;;;;
821604;Jhannes Haukur;Jhannesson;True;;;;
442031;Michelle;Denlinger;False;;;;
1086092;Eddie (XIII);Martinez;True;;;;
462394;Emeralda;Escobar;True;;;;
1101804;Gerald;McMullan;True;;;;
1492601;Skylin;Royal-Black;True;;;;
569052;Paul (V);Garrett;True;;;;
1191302;Garry;Mountaine;True;;;;
476705;Lenny;Fairbairn;True;;;;
1211603;Veronica;Nakayo;False;;;;
669226;Patti;Hefflin;False;;;;
346820;James;Conaboy;True;;;;
515985;Neill;Fleming;True;;;;
1254432;Elizabeth;O'Brick;False;;;;
1822354;Mary Ann;Weema;False;;;;
819873;Rahel Fiona;Juschka;False;;;;
1084688;Stuart (IV);Martin;True;;;;
1496827;Jos Luis;Ruiz Bartolom;True;;;;
1802761;Frederick;Walker;True;;;;
26508;Adewale;Akinnuoye-Agbaje;True;1967;Islington, London, England, UK;;
230651;Sean (I);Buckley;True;;;;
390269;Hugo;Culverhouse;True;;;;
755776;Hugh (I);Irvine;True;;;;
1055610;Nicole (I);Magny;False;;;;
507268;Danny (III);Finn;True;;;;
238842;Tom (III);Brooke;True;1978;London, England, UK;;
1417807;Sam;Redford;True;;;;
1497656;Nikovich;Sammut;True;;;;
956878;Elisa;Lasowski;False;;;;
1162976;Deirdre;Monaghan;False;;;;
1629784;Mia;Soteriou;False;;;;
1254432;Stanley;Nzessi;True;;;;
1223758;Patrick (I);O'Kane;True;1965;Belfast, Northern Ireland, UK;;
539113;Hannah Victoria;Franklin;False;;;;
481692;Drew (II);Dorsey;False;;;;
138433;Joan (II);Barrett;False;;;;
488938;Makram;Fehri;True;;;;
458846;Heather (I);Dickson;False;;;;
709987;Maggie (III);Hayes;False;;;;
254466;Sandy (V);Campbell;False;;;;
216426;Robert;Boroje;True;;;;
1078033;Carlton G.;McBeth;True;;;;
712576;Anthony;Hollingsworth-Ellary;True;;;;
85527;Mike;Arotsky;True;;;;
1083351;Rafael (XVIII);Martnez;True;;;;
850722;Ellie;Kendrick;False;1990;Greenwich, London, England, UK;;
1119628;Tobias;Menzies;True;1974;London, England, UK;;
686300;Toni Vangen;Hansen;True;;;;
1077740;Harry;Mantakos;True;;;;
1092128;Barry;McGovern;True;1948;Dublin, Ireland;;
1085990;Tana;Mazuranic;False;;;;
547037;Vladimir 'Furdo';Furdik;True;;;;
68538;Nonso;Anozie;True;1979;London, England, UK;;
90054;Bobby;Asghar;True;;;;
1380891;Joe (IV);Purcell;True;;;;
1710493;Marie-Dominique;Toussaint;False;;;;
480191;Emilio;Doorgasingh;True;;;;
582981;Amira;Ghazalla;False;;;;
1859542;Nell;Williams;False;;;;
91425;Curtis-Lee;Ashqar;True;;;;
775050;Marcos;James;True;;;;
193974;Nicholas;Blane;True;;;;
1791035;Max (I);von Sydow;True;1929;Lund, Skne ln, Sweden;;
821604;Dana;Kabessa;False;;;;
548719;David (I);Fynn;True;;;;
1026334;Filip;Lozic;True;1989;Zagreb, Croatia;;
328955;Sylvie;Clami;False;;;;
1079388;Joseph (IX);Marshall;True;;;;
1808092;Leon;Walsh;True;;;;
693679;Steve (I);Harper;True;;;;
462394;Stephen;Dillane;True;1957;London, England, UK;;
1423524;Cicci;Renstrm;False;;;;
544564;Rila;Fukushima;False;;;;
262083;Mishal Lopes;Cardozo;True;;;;
1162877;Jason;Momoa;True;1979;Honolulu, Hawaii, USA;;
106628;Snezana;Babic-Djerdan;False;;;;
1330190;Roo (II);Phoria;False;;;;
860696;Paul (III);Kennedy;True;;;;
1652150;Mark (VI);Stanley;True;;;;
1097330;Fintan;McKeown;True;;;;
243465;Dave (LXXXVII);Brown;True;;;;
138433;Thijs;Bax;True;;;;
1061393;Irma;Mali;False;1976;Alytus, Lithuania;;
1784568;Christian;Vit;True;;;;
990684;Jiaoying;Liang;False;;;;
1170888;Monique;Moon;True;;;;
778779;Tracey;Jarossy;False;;;;
194024;Shaun;Blaney;True;;;;
1700555;Jerzy;Swietlik;True;;;;
1081457;Pedro J.;Martos;True;;;;
1649331;Patrick;Tafua;True;;;;
1078701;Robert;Marshall III;True;;;;
123596;Peter;Ballance;True;;;;
138357;Zaid (II);Bawab;True;;;;
709083;Nao;Hayakawa;False;;;;
347717;Elaine (III);Collins;False;;;;
1084688;Joshua;Mayes-Cooper;True;;;;
988656;Chris;Lennard;True;;;;
550044;Elyes;Gabel;True;1983;London, England, UK;;
849608;Stephanie Olah;Kelly;False;;;;
1084466;Ryan (XVI);Martin;True;;;;
1099117;Jason (III);McLaughlin;True;;;;
243465;Mark;Byatt;True;;;;
716428;Peter (IV);Horn;True;;;;
1225767;Kate;O'Regan;False;;;;
980968;Deon;Lee-Williams;True;;;;
1682329;Michaela;Sttov;False;;;;
1455662;Kristy (III);Robinson;False;;;;
1156935;Chuku;Modu;True;;;;
618723;Burn;Gorman;True;1974;Hollywood, Los Angeles, California, USA;;
1693763;Hilary;Tindall;False;1938;Manchester, Lancashire, England, UK;1992;Selbourne, England, UK
1255979;Aifric;O'Donnell;False;;;;
1197905;Michle;Muller;False;;;;
643220;Raymond;Griffiths;True;;;;
1680451;Freddie;Stroma;True;1987;London, England, UK;;
1500814;Ingrid (III);Sanchez;True;;;;
582103;Kathleen;Gerard;False;;;;
1088260;Romo De Melo;Martins;True;;;;
1335485;Sarita;Piotrowski;False;;;;
540955;Cassie (II);Friel;False;;;;
1378715;Robert (I);Pugh;True;1950;Aberdare, Glamorgan, Wales, UK;;
473075;Edward;Dogliani;True;;;;
1375204;Eric;Propp;True;;;;
797602;Daniel (XXXIII);Johnson;True;;;;
1085990;Jhil;McEntyre;False;;;;
1101804;Gabrielle;McNally;False;;;;
1049156;Sam;Mackay;True;;;;
686300;Pedro Beltran;Herrera;True;;;;
1612648;C.C.;Smiff;True;;;;
233101;Richard;Buick;True;1976;Ballymena, Northern Ireland, UK;;
488938;Sarah;Feinbloom;False;;;;
1658838;Isabella;Steinbarth;False;;;;
1667818;Noah (I);Taylor;True;1969;London, England, UK;;
1229816;Kirsty (III);Nicholls;False;;;;
447552;Wren Ros;Elliot-Sloan;True;;;;
1064136;Kamiya;Mami;False;;;;
346820;Cecilia;Crdova;False;;;;
555851;Brahm;Gallagher;True;;;;
142854;Kiechia;Bean;False;;;;
1283366;Petra;Paroubkov;False;;;;
698686;Richard (VI);Harrison;True;;;;
587545;Allan;Gildea;True;;;;
252336;Emma (III);Bryant;False;;;;
481372;Richard (I);Dormer;True;1969;Portadown, County Armagh, Northern Ireland, UK;;
452420;Amalia;Enrquez;False;;;;
163376;Paul (I);Bentley;True;;;;
1081704;Mrs.;Martin;False;;;;
1221005;Victor;Navarro;True;;;;
1629784;John;Solari;True;;;;
1555395;Rea;Separovic;False;;;;
1078701;Ross (I);Matthews;True;1944;Melbourne, Victoria, Australia;;
1079388;Rory (II);McCallum;True;;;;
980968;Hazel;Leech;False;;;;
1538779;Rebecca (XIV);Scott;False;;;;
1466174;Alecia;Rodgers;False;;;;
1599768;Alisdair;Simpson;True;;;;
801818;Ron (VII);Johnson;True;1964;Minneapolis, Minnesota, USA;;
236894;Rob;Brockman;True;;;;
1220917;Malgorzata;Neumann;False;;;;
242326;Andy (XXXVIII);Brown;True;;;;
1825141;Sandra;Weller;False;;;;
333782;Andrei;Claude;True;1979;Malta;;
1547824;Cristina;Seawright;False;;;;
444488;Malcolm;Dent;True;;;;
716962;Kevin;Horsham;True;;;;
1079739;Lord;Maturan;True;;;;
1870537;Steve (XXII);Wilson;True;1973;Dublin, Ireland;;
963346;Pixie;Le Knot;False;;;;
233101;Nawanun;Bumroongruek;False;;;;
419987;Ian (XXV);Davies;True;;;;
1424588;Chris (II);Reilly;True;;;;
512538;Micheal;Fitzgerald;True;;;;
1817173;Calvin;Warrington-Heasman;True;;;;
319008;Susan;Christie;False;;;;
1672050;Dennis (II);Stokes;True;;;;
676212;Jefferson;Hall;True;;;;
1853783;Andrew (I);Wilde;True;;;;
1038116;Finbar;Lynch;True;1959;Dublin, Ireland;;
693679;Cordelia;Hill;False;;;;
264735;Colin;Carnegie;True;;;;
248672;Shane;Browne;True;;;;
1226205;Wilma;Ngale Rose;False;;;;
450117;Simon Blood;DeVay;True;1969;Chatham, England, UK;;
241076;Phillip;Burnley;True;;;;
106628;Colin;Azzopardi;True;;;;
1083613;Manami;Marutaka;False;;;;
1721121;Will;Tudor;True;;;;
1565371;Honey;Shain;False;;;;
713556;Aubrey;Haynie;True;;;;
899562;Yuri;Kolokolnikov;True;1980;Moscow, RSFSR, USSR [now Russia];;
668554;Elie;Haddad;True;1985;Paris;;
1671194;Oliver;Stockwell;True;;;;
851692;Tracey (I);Kennedy;False;;;;
1077604;Will;Matter;True;;;;
1854332;Spencer;Wilding;True;1972;St. Asaph, Wales, UK;;
476705;Stephen;Don;True;;;;
458846;Rudolf;Erhard;True;;;;
659062;Danai;Gurira;False;1978;Grinnell, Iowa, USA;;
473403;Eddie;Eyre;True;;;;
1256796;Jamal;Ouarraq;True;;;;
712576;Brian;Honn;True;;;;
1082024;Sonia Maria;Martin;False;;;;
852010;Neil;Keery;True;;;;
486059;Jim;Faust;True;;;;
436028;Dylan (II);Edwards;True;;;;
698682;Rich (III);Harrison;True;;;;
1202003;Nyamandi;Mushayavanhu;True;;;;
1538779;Charles M.;Schulz;True;1922;St. Paul, Minnesota, USA;2000;Santa Rosa, California, USA
1671194;Lucia;Teixeira;True;;;;
1497656;Victoria (III);Ruiz;False;;;;
441123;S. (I);Demidov;True;;;;
585219;Timothy;Gibbons;True;;;;
240400;The;Broome Brothers;True;;;;
822183;Roxanna;Kadyrova;False;;;;
276447;Debora;Castillo;False;;;;
458846;Owen;Dickey;True;;;;
1405760;Jeanette;Ranger;False;;;;
125508;Neil;Baltus;True;;;;
330809;Emilia;Clarke;False;1986;London, England, UK;;
1184117;Sally;Mortemore;False;1961;Aylesbury, Buckinghamshire, England, UK;;
14400;Mark;Addy;True;1964;York, England, UK;;
1088924;Jean;McIntyre;False;;;;
847497;Meijin;Kawase;True;;;;
486271;Tom;Fava;True;;;;
445003;Brennan;Depew;True;;;;
132049;Max (III);Barber;True;;;;
863788;Fionn;Kernan;True;;;;
697713;Nanna Brynds;Hilmarsdttir;True;;;;
161599;Samantha;Bentley;False;1987;London, England, UK;;
846534;Phil (I);Kavanagh;True;;;;
1721607;Sabina;Turulja;False;;;;
616767;Britt;Gordon;True;;;;
711234;Bill 'Watermelon Slim';Homans;True;;;;
1808129;Marnie;Walsh;False;;;;
1081131;Bryan;McCaugherty;True;;;;
1120740;Edward;Mercieca;True;;;;
252844;Gail;Bryson;False;;;;
1434116;Carla;Rhoad;False;;;;
429563;Jon;DeCelles;True;;;;
382274;Zo;Cuellar;False;;;;
529839;Brian (I);Fortune;True;;;;
463956;Antonio (II);Espejo;True;;;;
243465;Olive;Bruce;False;;;;
148786;Roman;Beguns;True;;;;
113534;Mara;Baldissoni Aceves;False;;;;
336147;Ralph;Clemente;True;;;;
1211643;Gloria;Nakea;False;;;;
1077708;Sasha;Matteucci;True;;;;
529910;Christian;Francesca;False;;;;
1075751;Assumpta;Masuti;False;;;;
1854332;Regina;Wildun;False;;;;
1757618;Tom;Varey;True;;;;
425354;Kelli;Dawson;False;;;;
1081131;Jessica (XX);Martin;False;;;;
1013836;Connor (IV);Long;True;;;;
420148;Laura;De Mers;False;;;;
717682;Michael (II);Hough;True;;;;
1658381;Susana;Tapias;False;;;;
132049;Emily (I);Barclay;False;1984;Plymouth, Devon, England, UK;;
435980;Desmond (I);Edwards;True;;;;
1105108;Susie;McWilliams;False;;;;
343133;Gianpiero;Cognoli;True;;;;
546351;Julie;Funderburk;False;;;;
446592;Shane;Deruise;True;;;;
1197609;Nora;Mullany;False;;;;
399981;Darrell;D'Silva;True;1963;Rotherham, Yorkshire, England, UK;;
1229816;Jooyoung;Oh;False;;;;
436028;Rory Owen;Delaney;True;;;;
1088927;Tyrone;McElhennon;True;;;;
483281;Athena;Douris;False;;;;
1082024;Joseph;Mawle;True;1974;Oxford, England, UK;;
1081704;Andrew;McClay;True;1975;Londonderry, Northern Ireland, UK;;
36359;Alex;Alexanian;True;;;;
1502360;Benjy;Sanders;True;;;;
997944;Eva (III);Lewis;False;;;;
1649331;John (I);Stahl;True;1953;Sauchie, Clackmannanshire, Scotland, UK;;
487583;Michael;Feast;True;1946;Brighton, England, UK;;
1668441;Sebastien;Taylor;True;;;;
1841900;Dean;Whatton;True;;;;
530123;Wayne (I);Foskett;True;1963;Riddings, Derbyshire, England, UK;;
667854;Susanne;Haeberlein;False;;;;
252336;Dick;Camden;True;;;;
1455663;;Robert (LVII);True;;;;
670203;Aron (I);Hegarty;True;;;;
1077708;Jacquetta;May;False;1960;Kent, England, UK;;
35397;Marcus (VIII);Alexander;True;;;;
141634;Paule;Bayard;False;1931;Montral, Qubec, Canada;;
1821771;Elizabeth (IV);Webster;False;;;;
1682329;Yacob;Thinggaard;True;;;;
254684;Dick (I);Campbell;True;;;;
676212;Pete (I);Ham;True;1947;Swansea, West Glamorgan, Wales, UK;1975;London, England, UK
347717;Irene;D'Astrea;False;;;;
1505431;Gian;Sanghera-Warren;True;;;;
816177;Nelly;Jost;False;;;;
243465;Athena;Burton;False;;;;
1081704;Christian;Mavey;True;;;;
1226205;Jacqueline;O'Rourke;False;;;;
1576241;Michael (I);Shelford;True;;;;
628989;Richard E. (I);Grant;True;1957;Mbabane, Swaziland;;
137376;Paola;Basevi;False;;;;
1821771;Lou (I);Watson;True;;;;
1077740;Malia;Matthews;False;;;;
1163295;Lisa;Moncure;False;;;;
389581;Barrington;Cullen;True;;;;
1700739;Malena;Snchez;False;;;;
427435;Mackenzie;Dean;True;;;;
193974;Nria;Blanques;False;;;;
1682329;The;Su'sis;False;;;;
1077708;Conchita;Mantecn;False;;;;
473322;Nora;Ez-Zebydy;False;;;;
992922;tienne;Leroy;True;;;;
1693763;Tara;Sutphen;False;1958;Seattle, Washington, USA;;
419987;Eliana;De Marinis;False;;;;
436028;Jeillo;Edwards;False;1942;Malta Street, Freetown, Sierra Leone;2004;London, England, UK
1588690;Dylan;Shults;True;;;;
228708;Shereen;Brierton;False;;;;
849461;Forbes;KB;True;1965;Dundee, Scotland, UK;;
242326;Jens;Buttenschn;True;;;;
1594911;Peter;Silverleaf;True;;;;
716428;Krystal;Hopper;False;;;;
475182;Mike (I);Dombrowski;True;;;;
237283;James;Burgdorf;True;;;;
770962;Dean S.;Jagger;True;1978;Dewsbury, Yorkshire, England, UK;;
1657515;Lottie;Steer;False;;;;
916196;Matthias;Kremer;True;;;;
1794778;Hannah;Waddingham;False;1974;London, England, UK;;
1170888;Lacy (I);Moore;False;;;;
1721096;Marin (I);Tudor;True;;;;
367298;Michelle (III);Costello;False;;;;
1421264;Mo (II);Reeves;True;;;;
35397;Octavia Selena;Alexandru;False;;;;
473322;Laurence;Doherty;True;;;;
1086092;Mads;Mazanti;True;;;;
1226292;Anh;Ngo;False;;;;
138357;Ceci;Bastida;False;;;;
847201;Teruhisa;Kawakami;True;;;;
544564;Madeleine;Fromet;False;1900;Chauny, Aisne, France;1983;Bordeaux, Gironde, France
486271;Deborah (IV);Downey;False;;;;
1671194;Maria;Tess;False;;;;
673803;Jeff (III);Heller;True;;;;
219185;Kyle (II);Bosworth;True;;;;
1823722;Judith;Weir;False;1954;Cambridge, England, UK;;
863509;Hadi;Kermani;True;;;;
675714;David (XX);Hall;True;;;;
450117;Nicholas David;Elnar;True;;;;
244642;James (LXVIII);Brown;True;;;;
1598154;Eugene (I);Simon;True;1992;UK;;
425402;Lydia (I);Dawson;False;;;;
1392277;Daniel;Rabin;True;;;;
347912;Rose (III);Coleman;True;;;;
945123;Marcus (I);Lamb;True;;;;
469295;Craig (IV);Evans;True;;;;
447762;Nikhil (III);Deshpande;True;;;;
1055640;Jesse;Magee;True;;;;
1578334;Ashley;Sherman;False;;;;
1081131;Juan;Martin Del Campo Jr.;True;;;;
1889886;Brad (II);Wright;True;;;;
1493202;Dar;Salim;True;1977;Baghdad, Iraq;;
475182;Carmela;Domnech;False;;;;
347925;Sam (II);Coleman;True;1996;High Wycombe, Buckinghamshire, England, UK;;
1131981;Jamie;Michie;True;1977;Edinburgh, Scotland, UK;;
1913711;Omar (II);Youssef;True;;;;
716960;Charlotte (II);Hornets;True;;;;
1658381;Mark (I);Tankersley;True;;;;
444488;Kevin;Eldon;True;1960;Kent, England, UK;;
538216;Nell Tiger;Free;False;1999;Kingston upon Thames, Surrey, England, UK;;
430973;Alex (II);Ebel;True;;;;
716962;Rochdale;Hornets;True;;;;
765387;Eddie (VII);Jackson;True;;;;
1223675;Ross;O'Hennessy;True;;;;
1627461;Slavko;Sobin;True;1984;Split, Croatia;;
39787;Megan;Allday;False;;;;
1388918;Bryan (IV);Quinn;True;;;;
1087667;Darko;Martinic;True;;;;
1428468;Robert (I);Render;True;1977;Pontefract, Yorkshire, England, UK;;
254684;Florian (I);Brckner;True;1984;Munich, Bavaria, Germany;;
1078033;Brian (III);Matthews;True;;;;
485635;James (I);Faulkner;True;1948;Hampstead, London, England, UK;;
475182;Betty;Fairfax;False;1889;Leeds, England, UK;1962;Los Angeles, California, USA
1588690;Alexander;Siddig;True;1965;Sudan;;
1225767;Terry (VIII);O'Neill;True;;;;
77724;Hermela;Aregawi;False;;;;
1700555;Alessandro;Togni Bouglione;True;;;;
816177;Davor;Jozinovic;True;;;;
34644;Kae;Alexander;False;;;;
1059312;Holmfirth Golden Girl;Majorettes;False;;;;
538216;Hali;Free;True;;;;
1375204;Rachel;Puchkoff;False;1988;New Jersey, USA;;
1652150;Patricia;Stasiak;False;;;;
238842;Mohi;Buschendorf;True;;;;
1088260;Melissa (I);McGuire;False;1978;Sudbury, Ontario, Canada;;
598775;Julian (I);Glover;True;1935;London, England, UK;;
1700555;Cecibel;Snchez;False;;;;
1658838;Leigh Anne;Tarbill;False;1980;Seattle, Washington, USA;2003;Lincoln Park, Chicago, Illinois, USA
792467;Margaret;John;False;1926;Swansea, Wales, UK;2011;Swansea, Wales, UK
819874;Tereza;Jusckov;False;;;;
859758;A.J. (I);Kennedy;True;;;;
1083351;Tristan (I);McConnell;True;;;;
1203996;J.J. (I);Murphy;True;1928;Belfast, Northern Ireland, UK;2014;Belfast, Northern Ireland, UK
1245159;Joanny;Oropesa;False;;;;
1244347;Sigrid;Norsker;False;;;;
697713;Willie (VII);Harris;True;;;;
1870920;William (XXV);Wilson;True;;;;
1555395;Scott;Sellman;True;;;;
1220903;Kris;Neumann;False;;;;
225811;Indian;Braves;True;;;;
242326;Mo;Byrnes;False;;;;
1504942;Antonia;Santilli;False;1949;Spigno Saturnia, Latina, Lazio, Italy;;
1120740;Vaso;Metaxa;False;;;;
555894;Jean;Galtat;True;;;;
483001;Roy;Dotrice;True;1923;Guernsey, Channel Islands, UK;;
615933;Zoi;Gorman;False;;;;
486747;Rene;Featherstone;False;;;;
1084466;Thom (I);Mayer;True;;;;
997944;Manfried;Lewandowski;True;;;;
1077604;Lcia;Matos;False;;;;
942162;Richard (I);Laing;True;;;;
819874;Slavko;Juraga;True;1959;Umag, Croatia, Yugoslavia;;
254883;Earleen;Campo;False;;;;
1627461;Lani;Sonda;False;;;;
990684;Melanie;Liburd;False;1987;London, England, UK;;
1242394;Reece;Noi;True;1988;Manchester, England, UK;;
1359270;Daniel;Portman;True;1992;Scotland, UK;;
347710;Dylan Jenet;Collins;False;;;;
1774245;James (II);Vickers;True;;;;
1874193;Tobias;Winter;True;;;;
695432;Drew (V);Hill;True;;;;
1287112;Pedro;Pascal;True;1975;Santiago, Chile;;
865849;Gwyneth;Keyworth;False;1990;Wales, UK;;
242326;Sarah;Burry;False;;;;
801818;Mary (I);Jordan;False;;;;
195521;Jordan;Blessing;False;;;;
711234;Georg;Holm;True;1976;Iceland;;
1077604;Passmore;Maseko;False;;;;
711234;Ann;He;False;;;;
1823722;Reg;Wayment;True;;;;
447552;Anne (II);Ellis;False;;;;
1710493;Oksana;Trofimenko;False;;;;
676027;Cedric;Henderson;True;;;;
521220;Tony (II);Flynn;True;;;;
520903;Margaret H.;Flynn;False;;;;
276447;Steve (I);Cash;True;;;;
676212;Fergus;Henderson;True;;;;
247576;Valente;Cabra;True;;;;
1690884;Donald;Sumpter;True;1943;Brixworth, Northamptonshire, England, UK;;
326424;Enzo;Cilenti;True;1974;Bradford, Yorkshire, England, UK;;
286290;Noel;Cecil;True;;;;
1240614;Graham;Noakes;True;;;;
69711;Gethin;Anthony;True;;;;
682158;Georgia;Haramara;False;;;;
1726341;Adam;Turns;True;;;;
1842628;Gemma (I);Whelan;False;1981;Leeds, Yorkshire, England, UK;;
1486993;Max (III);Ross;True;;;;
1083613;Brendan;McCormack;True;;;;
874932;Darren;Killeen;True;;;;
218484;John Wayne;Bosley;True;;;;
469295;Ivan (I);Djordjevic;True;1974;Krusevac, Serbia, Yugoslavia;;
874945;Mark;Killeen;True;;;;
1291868;Michael (XVI);Patrick;True;;;;
419548;Pepe;de la Fuente;True;;;;
1700739;Tnde;St;False;;;;
138426;Phil;Barnhill;True;;;;
669226;John;Hedgecoth;True;;;;
1434116;Iwan;Rheon;True;1985;Carmarthen, Wales, UK;;
481246;Jon;Farhat;True;;;;
1761707;Peter (I);Vaughan;True;1923;Wem, Shropshire, England, UK;;
1083351;James (I);May;True;1857;Dundee, Scotland, UK;1941;Los Angeles, California, USA
1700113;Rka;Szsz;False;;;;
1710493;Manuel (II);Trevio;True;;;;
252844;Lynette;Cameron;False;;;;
1693763;Ramon;Tikaram;True;1967;Singapore;;
1421264;Sophie (III);Reid;False;;;;
513275;Patrick;FitzSymons;True;;;;
693679;Eve (I);Harris;False;;;;
1192763;Jessica;Moyer;False;;;;
1242394;Shinichiro;Onda;False;;;;
427435;Monica Almeida;de Carvalho;False;;;;
792523;Hannah;John-Kamen;False;;;;
1692179;Roberto (III);Tibiri;True;;;;
1077708;Barbara;Marlin;False;;;;
1085990;Daniel Orlando;Martinez;True;;;;
1101806;Heather;McNally;False;;;;
1219481;Rupi;Natt;True;;;;
473322;Mark;Eyles;True;;;;
494351;Derek;Dubery;True;;;;
221414;Karim;Bouguerra;True;;;;
1774245;Valis;Volkova;False;1993;Liverpool, Merseyside, England, UK;;
1244347;Simon;Norbury;True;;;;
849829;Raymond (II);Keane;True;;;;
1079739;Rusty;Marshall;True;;;;
990684;Miriam;Leone;False;1985;Catania, Sicily, Italy;;
1079739;Rory;McCann;True;1969;Glasgow, Scotland, UK;;
1700113;Vladimir (II);Todorov;True;;;;
1544747;David Michael (I);Scott;True;;;;
481692;Victor;Doroteo;True;;;;
992922;Gary;Lightbody;True;1976;Bangor, Northern Ireland, UK;;
807693;Finn;Jones;True;1988;London, England, UK;;
1889886;Claire (II);Wright;False;;;;
141634;Ben;Barringer;True;;;;
1409073;Will (I);Rastall;True;;;;
1504942;Jonathan (I);Ryan;True;;;;
984725;Manuela;Leito;False;;;;
711234;Santo;Hayashi;True;;;;
1282769;Robert (XXII);Parker;True;;;;
546351;Mathieu;Funck-Brentano;True;;;;
1089443;Roxanne;McKee;False;1980;Canada;;
1096041;Alan (I);McKee;True;;;;
475254;Michelle;Fairley;False;;;;
419548;Diana (III);Davies;False;;;;
1242394;Sarah;Nolland;False;;;;
1219667;Jonathan (V);O'Brien;True;;;;
849625;Douglass;Kean;True;;;;
1672050;Dan;Telle;True;;;;
588825;Aidan;Gillen;True;1968;Dublin, Ireland;;
766122;Karl (II);Jackson;True;;;;
681737;Peter;Hanborn;True;;;;
191591;Warren;Blair;True;;;;
198493;Steve;Blount;True;;;;
855054;Bill;Kelliher;True;;;;
868512;Darius Dar;Khan;True;;;;
667854;Michael (I);Heath;True;;;;
1008081;Tim;Loane;True;;;;
1097998;Ross;McKinney;True;;;;
667156;Elsa;Hackett;False;;;;
425192;Abb;de Tanoarn;True;;;;
1423859;Melissa (III);Reid;True;;;;
1105108;Creed;McTaggart;True;;;;
452420;T. Michael;Dexter;True;;;;
420148;Niro;de la Rua;True;;;;
1599768;Julie (II);Simpson;False;;;;
694433;Dan;Hildebrand;True;;;;
573144;Joseph;Gatt;True;1974;Notting Hill, London, England, UK;;
238842;Edward D.;Burke;True;;;;
1220917;Ramon (XII);Navarro;True;;;;
138357;Michael;Barnhardt;True;;;;
1077708;Peter;Marrone;True;;;;
298334;Nighat;Chaodhry;True;;;;
486747;Robert;Fawsitt;True;;;;
420865;Rebecca;De Pasquale;False;;;;
59179;Ian Lloyd (I);Anderson;True;;;;
1050974;Oengus;MacNamara;True;;;;
991799;Heidi;Liedtke;False;;;;
821604;Sigmund;Jhn;True;1937;Morgenrthe-Rautenkranz, Vogtland, Germany;;
254883;Greggar;Campbell;True;;;;
666545;Shira;Haas;False;;;;
1254432;Rob;Ostlere;True;;;;
298334;Oona (II);Chaplin;False;1986;Madrid, Spain;;
1701542;James (I);Tolcher;True;;;;
716962;A.;Hoste;True;;;;
555851;Arturo;Galster;True;1972;San Francisco, California, USA;;
34644;Clarence;Alexander;True;;;;
347717;Michael;Condron;True;;;;
1083613;Lo;Martin;True;;;;
1650991;John;Standing;True;1934;London, England, UK;;
435875;Ea;Edwards;False;;;;
978164;Natalia (I);Lee;False;;;;
813899;Danko (I);Jordanov;True;1979;Haskovo, Bulgaria;;
1096287;Dennis (I);McKeever;True;;;;
572960;Deborah;Gatton;False;;;;
849829;Sarah;Kelsey;False;;;;
1934738;Gloria;Zuniga;False;;;;
633155;Stephen;Grech;True;;;;
802855;Devanshi;Joshi;False;;;;
1086092;Michelle (XII);Martinez;False;;;;
572960;Mark;Gatiss;True;1966;Sedgefield, England, UK;;
435875;Dan (II);Edwards;True;;;;
1084466;Cassie;Mayfield;False;;;;
1112295;Mustapha;Mekanassi;True;;;;
384232;Patricia;Cupo;False;;;;
851692;Kevin (II);Keenan;True;;;;
1294802;Portelli;Paul;True;;;;
248771;Paul (I);Caddell;True;;;;
997944;Kasper;Lindquist;True;;;;
221414;Richard;Brake;True;1964;Ystrad Mynach, Hengoed, Wales, UK;;
142952;Ema;Bear;False;;;;
1192763;Gina;Moxley;False;;;;
1574946;David (III);Sheehan;True;;;;
1081457;Rue;McClanahan;False;1934;Healdton, Oklahoma, USA;2010;New York, New York, USA
1077740;Nicole;Marlire;False;;;;
959143;Rubn;Lasagno;True;;;;
420610;Trevor Allan;Davies;True;;;;
709083;Kara (I);Holden;False;;;;
675549;Natalie (XVI);Hall;False;;;;
142952;Glen (I);Barry;True;1982;Dublin, Ireland;;
391789;Kieran (I);Cunningham;True;;;;
1599768;Mike (II);Singer;True;;;;
1667818;Lucy;Teitler;False;;;;
1078033;Ailin;Marmorato;False;;;;
481692;Matt (I);Faris;True;;;;
1064136;Patrick;Malahide;True;1945;Berkshire, England, UK;;
1225632;Elaine (I);Newton;False;;;;
813169;Gerard (III);Jordan;True;;;;
1101806;Harold James;McMullan;True;;;;
259494;Frank;Cannon;True;;;;
343133;Audrey;Cohen;False;;;;
1492173;Nathanael;Saleh;True;;;;
1184117;Francesco;Mormino;True;;;;
492357;Robert;Druck;True;;;;
1279700;Shannen;Park;False;;;;
1037600;David (III);Lyle;True;;;;
1193899;Velaphi;Msini;True;;;;
632526;Alexander;Grazewicz;True;;;;
1890542;Isaac Hempstead;Wright;True;1999;England, UK;;
1091516;Susan;McLennan;False;;;;
146385;Andy;Beckwith;True;;;;
1219667;Jason (III);Nelson;True;;;;
1220917;Danny;O'Conner;True;;;;
142854;Cliff;Barry;True;;;;
938364;Duncan;Lacroix;True;;;;
188165;Knut;Bjrnsen;True;;;;
848457;Paul (IV);Kaye;True;1965;Clapham, London, England, UK;;
1805788;Denise (II);Waller;False;;;;
444488;Eboni;Elektra;False;;;;
503009;Thao (I);Duong;False;;;;
668554;Margret;Heckel;False;;;;
1362074;;Poul (II);True;;;;
242326;Susan (III);Brown;False;1946;Bristol, England, UK;;
1077708;Murray;McArthur;True;1966;Honiton, Devon, England, UK;;
100409;Xena;Avramidis;False;;;;
483001;Paula Ann;Douglas;False;;;;
1938912;Einar;verenget;True;;;;
222120;Nicholas;Boulton;True;1968;Gibraltar, UK;;
1226835;Frank;O'Sullivan;True;;;;
1625986;Sarine;Sofair;False;;;;
1721096;Nancy (II);Turner;False;;;;
1203996;Ginette;Muoz;False;;;;
1219481;Julia;Nemitz;False;;;;
137376;Nico;Baumbach;True;;;;
1084466;Brahim;Marzaq;True;;;;
248771;William R.;Brownfield;True;;;;
1822536;Conor;Watters;True;;;;
1505324;Xerxes;Sangco;True;;;;
1223039;Ciaran;O'Grady;True;;;;
1211643;Kristian;Nairn;True;;;;
868816;Junade;Khan;True;1982;Sheffield, South Yorkshire, England, UK;;
1650991;Missy;Star;False;;;;
1077708;Lauren (I);Matthews;False;;;;
425354;Maisie;Dee;False;;;;
849866;Carolyn;Kelso-Bell;False;;;;
138426;Rachel Schwartz;Bartlett;False;1976;Chicago, Illinois, USA;;
525073;Anderson;Footman;True;;;;
1700555;Birgitte Hjort;Srensen;False;1982;Hillerd, Denmark;;
1086881;Cormac;McDonagh;True;;;;
425402;Winston;Davis;True;;;;
1362074;Eline;Powell;False;;;;
1346532;Tim;Plester;True;1970;Banbury, Oxfordshire, England, UK;;
538216;Sylvia;Franke;False;;;;
715824;Charlotte;Hope;False;;;;
792467;Yeong-hie;Jo;True;;;;
1658381;Tanja Felicitas;Stegmaier;False;;;;
367659;Nikolaj;Coster-Waldau;True;1970;Rudkbing, Denmark;;
420610;Courtney (XII);Davis;False;;;;
236028;Dave;Buonaguidi;True;;;;
1086881;Max (II);Martinez;True;;;;
1077604;Erin (IV);Matthews;False;;;;
488938;Mark (III);Drake;True;;;;
689671;Joe;Hewetson;True;;;;
1245159;Deobia;Oparei;True;;;;
249671;William;Caffrey;True;;;;
61356;Sonia;Andrade;False;;;;
1215860;Morena;Nascimento;False;;;;
1215860;Andrei;Nechita;True;;;;
1669615;Lena;Stolze;False;1956;Berlin, Germany;;
1197905;Rory;Mullen;True;;;;
141517;Michal;Bartonk;True;;;;
784034;Marko;Jelic;True;;;;
1226205;Emmet;O'Riabhaigh;True;;;;
705182;Tamer (I);Hassan;True;1968;London, England, UK;;
709083;Steve;Haviland;True;;;;
252336;Ron;Bruscia;True;;;;
675549;Tim;Halperin;True;;;;
1506038;Mara Luisa;Sants;False;;;;
587391;Jordan;Gilbreath;True;;;;
236894;Jill;Broffman;False;;;;
675714;Shanel;Hall;False;;;;
486059;Jane (II);Fawcett;False;1921;London, England, UK;2016;Oxford, England, UK
100409;;Austion;True;;;;
481246;Natalie;Dormer;False;1982;Reading, Berkshire, England, UK;;
778779;Charles;Jarman;True;;;;
1668441;Naomi;Stock;False;1970;Ohio, USA;;
1192763;Javier;Moyano;True;;;;
1238910;Gary (I);Oliver;True;;;;
694433;Rochelle;Harris;False;;;;
254883;Amy (II);Calvert;False;;;;
503009;Carl;Fieler;True;1984;Live Oak, Florida, USA;;
545974;Fudgie;Frottage;True;;;;
848457;Ali;Kelly;False;;;;
506493;Neil;Fingleton;True;1981;Durham, England, UK;;
694024;Lonnie (I);Harrell;True;;;;
1092128;Kiera;McMaster;False;;;;
219185;Amina;Boussaki;False;;;;
1039162;Ali (I);Lyons;False;;;;
991926;Ana Rosa;Liendo;False;;;;
713556;Robert (II);Holt;True;;;;
669226;Kenneth;Hadley;True;;;;
254684;Ana Maria;Campea;False;;;;
218484;Oddie;Braddell;True;;;;
533797;Grahame;Fox;True;;;;
513287;Richard;Fitzwell;True;;;;
1294802;Ana;Paulino;False;;;;
254466;Nicolette;Callaway;True;;;;
691124;Jack (I);Hickey;True;;;;
347912;Mark;Coney;True;;;;
1287112;Chus;Pato;False;1955;Ourense, Ourense, Galicia, Spain;;
991926;Eddy;Lepp;True;;;;
1220903;Will (II);O'Connell;True;;;;
148786;Zohara;Begum;False;;;;
491731;Nyle;Feltus-Lewis;True;;;;
1672050;Valrie;Strassberg;False;;;;
319546;;Chris (XXXIV);True;;;;
254466;Hans-Otto;Brutigam;True;;;;
1085990;Breifne;McCusker;True;;;;
1079572;Neil (I);Marshall;True;1970;Newcastle upon Tyne, England, UK;;
670203;H.C.;Hagedorn;True;;;;
1668441;Simon (III);Stewart;True;;;;
381092;Lisa (III);Cruz;False;;;;
106628;Meltem;Bykugurgr;False;;;;
659062;Jonathan (III);Gunning;True;;;;
131127;Adam;Basil;True;;;;
244871;Terry (I);Byrne;True;;;;
755778;Sansra;Iseli;False;;;;
446592;Eddie;Elks;True;;;;
233101;Bill (II);Bright;True;1921;Coweta, Oklahoma, USA;2003;Orlando, Florida, USA
129494;Tonci;Banov;True;;;;
1466174;Lalor;Roddy;True;1954;Belfast, Northern Ireland, UK;;
703667;Kelsey;Hockmuller;False;;;;
632526;Tamsin;Greene Barker;False;;;;
137376;Julie;Baronnie;False;;;;
475254;X. (III);Factor;True;;;;
1392277;Diane;Rachell;False;;;;
1599768;Kanwal;Singh;False;;;;
381461;Vicki;Cryer;False;;;;
1255979;Steve;Ott;True;;;;
418021;Paixo;de Jesus;False;;;;
1669615;Vita;Tepel;False;;;;
1119628;Stacia;Mers;False;;;;
712576;Michael (IV);Hayes;True;;;;
1578334;Joshua (II);Sher;True;;;;
755778;Hugh David;Irvine;True;;;;
1650991;Yichi;Takafuku;True;;;;
988352;Mhoira;Leng;True;;;;
709979;Jason (VIII);Hawkins;True;;;;
462394;Gina;DiPietro;False;;;;
1092845;Pat (III);McGrath;True;;;;
1873797;Shajaveon;Winston;True;;;;
525653;Caroline;Forestier;False;;;;
1082024;Manolo;Martn Velasco;True;;;;
1088943;Kim (II);McIntyre;False;;;;
695206;Chris (LXXVI);Harris;True;;;;
232388;Frank;Buffdurm;True;;;;
1475385;Louis (III);Rolston;True;;;;
1813393;Missy;Ward;False;;;;
763928;A.;Jaboala;True;;;;
857211;Seamus (III);Kelly;True;;;;
614743;Anastasia;Gordon;False;;;;
1039300;Karla;Lyons;False;;;;
694024;Enrique;Higueras;True;;;;
96074;Robert (IV);Atkinson;True;;;;
525073;Lucy (II);Gallagher;False;;;;
1222939;Lee;Nettleingham;True;;;;
697715;Arnar Rosenkranz;Hilmarsson;True;;;;
709987;Jeff (VII);Hawkins;True;;;;
441123;John;Eisendrath;True;;;;
847201;Sibel;Kekilli;False;1980;Heilbronn, Baden-Wrttemberg, West Germany;;
1680451;Bad Bad;Things;False;;;;
1664982;Heather (VIII);Taylor;False;;;;
142619;Ian (I);Beattie;True;1965;Belfast, Northern Ireland, UK;;
1502360;Rosie;Ruthless;False;;;;
477510;Souad;Faress;False;;;;
1649331;Sally;Stamm;False;;;;
521220;Henrike;Frst;False;;;;
1410279;Danielle;Rayne;False;;;;
667156;Tristan;Heanue;True;;;;
399981;Evelyn j.;Cespedes;False;;;;
425192;Amy (I);Dawson;False;;;;
252844;Andrew (IX);Bryan;True;;;;
1669027;Miljana;Stojanovich;False;;;;
882995;Ilona;Kiss Roz;False;;;;
493278;Angelique;Fernandez;False;;;;
1225632;Nigel;O'Neill;True;;;;
1137055;Alex;Mileman;True;;;;
578368;Johan;Geilet;True;;;;
176288;Ashfaq;Bhatti;True;;;;
1378715;Maria Antonia;Prez;False;;;;
1312735;Ivan (I);Peric;True;;;;
445003;Myriam;Derbal;False;;;;
673803;Grace;Hendy;False;;;;
1219667;Joseph;Naufahu;True;;;;
442031;Joe;Dempsie;True;1987;Liverpool, Merseyside, England, UK;;
249671;Logan;Bruce;True;;;;
132049;Bob;Bassen;True;;;;
264735;Jeycob;Carlson;True;;;;
1669027;Franz;Stiefel;True;;;;
1423524;Derek (I);Reid;True;;;;
1486993;Jack (IV);Roth;True;;;;
113534;Zachary;Baharov;True;1980;Bulgaria;;
419987;Yazmin (II);Davies-Kissoon;False;;;;
547037;Mora;Furtado;False;;;;
1088927;Joanna (II);McIntyre;False;;;;
430973;Donagh;Deeney;True;;;;
1591374;;Sigur Rs;True;;;;
1221135;Ivan;Nemorin;True;;;;
1771596;David;Verrey;True;;;;
1546916;Em;Scribbler;False;;;;
715824;M.R.;Horhager;True;;;;
188165;Hafr Jlus;Bjrnsson;True;1988;Iceland;;
739912;Frank;Hvam;True;1970;Viborg, Denmark;;
480191;Ellis;Fantillo;True;;;;
138433;Carrie Scott;Barnhouse;True;;;;
1078033;Ann;Mattingley;False;;;;
1409828;Meena;Rayann;False;;;;
846534;Sarah Mac;Keever;False;;;;
1082024;Louise;McClusky;False;;;;
244642;Jonathan (I);Byrne;True;;;;
1903500;Ellen;Yeung;False;;;;
462133;Esteban;Escarcega;True;;;;
355457;Lettice;Cooper;False;1897;Eccles, Lancashire, England, UK;1994;Coltishall, Norfolk, England, UK
703667;Meryl;Hathaway;False;;;;
419548;Jazzy;De Lisser;False;;;;
47553;Josef;Altin;True;1983;London, England, UK;;
488938;Darlene;Drew;False;;;;
507268;Sara (II);Dylan;False;;;;
994037;Anton;Lesser;True;1952;Birmingham, England, UK;;
1197609;Ross;Mullan;True;1967;Montral, Qubec, Canada;;
1245159;Willy;Noriega;True;;;;
491731;Maro;Drobnic;True;;;;
1087667;Jane (I);McGrath;False;;;;
1010769;Kerr;Logan;True;;;;
486747;Rex;Downing;True;1925;San Francisco, California, USA;;
702346;Madison (I);Hasford;False;;;;
429563;Philip;Early;True;;;;
1193864;Lucian;Msamati;True;1976;UK;;
546351;Joel (II);Fry;True;;;;
1052258;Richard (I);Madden;True;1986;Elderslie, Renfrewshire, Scotland, UK;;
1086881;Ori;Mazzaki;True;;;;
506493;Vladimir;Durn;True;;;;
667156;Jhon;Haber Ruiz;True;;;;
974142;James (I);Lecky;True;;;;
264735;Kerry;Carney;False;;;;
1075751;Martina;Marini;False;;;;
1794778;Jan;Vyhonil;True;;;;
778934;Johannes;Jarolim;True;;;;
1608665;Kara;Slawter;False;;;;
240400;Georgia (III);Brown;False;;;;
1193864;Marlene;Muerwald;False;;;;
1658381;Callan;Steffensen;True;;;;
716960;Sbastien;Hostalry;True;;;;
536126;Aisling;Franciosi;False;1993;Italy;;
1045867;Mark (I);MacDonald;True;;;;
277858;Joe (X);Cassidy;True;;;;
1801666;Gary (I);Wales;True;1995;Falkirk, Scotland, UK;;
798749;Isabelle (VII);Jones;False;;;;
254466;Cillean;Campbell;True;;;;
1137539;Rhodri;Miles;True;;;;
1682329;Brian (XIII);Thomas;True;;;;
1667818;Marie;Stillin;False;;;;
1364323;Michael (VIII);Power;True;;;;
763928;;Jack Gray and His Debutantes;True;;;;
597182;Jack;Gleeson;True;1992;Cork, Ireland;;
1504942;Junji;Sanechika;True;;;;
1138675;Simon (II);Millar;True;1976;Belfast, County Down, Northern Ireland, UK;;
1497656;Paco (III);Ruiz;True;;;;
425192;Devyn;Dedrick;False;;;;
355457;Elisabeth;Conquet;False;;;;
1903500;Robert (II);Yates;True;;;;
1202003;Denis;Muraru;True;;;;
1222341;Niall (IV);O'Donnell;True;1988;Ballymena, Co. Antrim, Northern Ireland, UK;;
1077604;Scott (II);Marriott;True;;;;
447762;Jo (II);Ellis;False;;;;
1104885;Ian;McShane;True;1942;Blackburn, Lancashire, England, UK;;
276919;Adam;Caslow;True;;;;
662049;Maeve;Guy;False;;;;
918285;Kristjn;Kristjnsson;True;;;;
888395;Tim;Kitovnica;True;;;;
587545;Ashlee;Gillespie;False;1985;San Dimas, California, USA;;
1023265;Steve (II);Love;True;;;;
487583;Julia;Dracke;False;;;;
222120;Edward;Brancieri;True;;;;
582981;Johanna;Gerosch;False;;;;
1727527;Jay;Tuzo;True;;;;
238842;Nina;Brostrm;False;;;;
849866;Dermot;Keaney;True;1964;Surrey, England, UK;;
739912;Sarah;Iffland;False;;;;
142619;Regan;Barrow;True;;;;
709700;J'Aime;Holland;False;;;;
1650991;Hideyo;Takagi;False;;;;
676027;Harvey;Hall;True;1931;St Columb Minor, Cornwall, England, UK;1997;Truro, Cornwall, England, UK
1938912;Arthur;sterwall;True;;;;
236028;Jim;Broadbent;True;1949;Lincoln, Lincolnshire, England, UK;;
1874193;Kelly;Winters;False;;;;
138426;Jessica (III);Barrett;False;;;;
1335485;John Handem;Piette;True;;;;
125508;Lynn;Banashek;False;;;;
673803;Burton;Halbert;True;1866;Indiana, USA;1947;Los Angeles, California, USA
1223758;Sebastian;Neumann;True;;;;
525653;Krystal;Galley;False;;;;
1669615;Neil;Stillman;True;;;;
475254;Ivette;Domnguez;False;;;;
506493;Randy;Dutra;True;;;;
1721125;Edward;Tudor-Pole;True;1955;London, England, UK;;
465092;Peter;Dinklage;True;1969;Morristown, New Jersey, USA;;
1438843;Gwyn;Richards;True;;;;
1336875;Gary;Pillai;True;1968;Camden, London, England, UK;;
1455662;;Robert (LVI);True;;;;
109122;Aurora;Bagnato;False;;;;
1822536;Amber;Wegner;False;;;;
557258;Gladys;Gane;False;;;;
597357;Iain;Glen;True;1961;Edinburgh, Scotland, UK;;
1023265;Alison Carole;Lowe;False;;;;
228708;Paul;Bucanan;True;;;;
1404356;Stuart (I);Randall;True;1909;Brazil, Indiana, USA;1988;San Bernardino, California, USA
525653;Oliver;Ford Davies;True;1939;Ealing, London, England, UK;;
1934738;Rania;Zouari;False;;;;
1079388;Faye;Marsay;False;1986;Middlesbrough, Cleveland, England, UK;;
252844;Jon (II);Cameron;True;;;;
628989;Abbey;Grasser;False;;;;
582981;Hamid;Ghodse;True;;;;
716428;Rhodri;Hosking;True;;;;
1629784;Connor;Somerville;True;;;;
850182;Tyrone;Kearns;True;1986;Manchester, Lancashire, England, UK;;
254684;Micheline;Calmy-Rey;False;;;;
1007152;Tracy (I);Lockhart;False;;;;
481372;Maeve;Dorney;False;;;;
1193899;Emina;Muftic;False;1961;Sarajevo, Bosnia and Herzegovina, Yugoslavia;;
1224145;Fred;Nevchehirlian;True;;;;
1221035;Brenock;O'Connor;True;;;;
1455663;Kristy (IV);Robinson;False;;;;
1666087;George C.;Stevenson Jr.;True;;;;
347710;Aiden;Condron;True;;;;
1727527;Ella (II);Tweed;False;;;;
1079739;Darcy;Marta;False;;;;
61356;Ross;Anderson-Doherty;True;;;;
615933;Krishna (II);Gopal;True;;;;
228708;Harald;Brenna;True;;;;
803679;Michael (XXXIV);Johnston;True;;;;
1114052;Jose;Mellinas;True;;;;
1229816;Phil;Ochs;True;1940;El Paso, Texas, USA;1976;Far Rockaway, New York, USA
662049;Danni;Gutierrez;True;;;;
89592;Pilou;Asbk;True;1982;Denmark;;
709987;Elliot;Holbrow;True;;;;
1077604;Takashi (II);Masuyama;True;;;;
1448014;David;Rintoul;True;1948;Aberdeen, Grampian, Scotland, UK;;
1417807;Carol;Redhead;False;;;;
491731;Lucy (I);Fennell;False;;;;
569052;Katelyn;Garrity;False;;;;
476705;Hannah;Fanelli;False;;;;
1669027;Ashari Ashaki;Taylor-Watson;True;;;;
1721125;Patricia (I);Turner;False;;;;
1055610;Francis;Magee;True;1969;Dublin, Ireland;;
1220903;Tomas;Nemec;True;;;;
984725;Brynjar;Leifsson;True;;;;
1086092;Todd;McCutcheon;True;;;;
816177;Jon;Jost;True;1943;Chicago, Illinois, USA;;
1664982;Andre (I);Taylor;True;;;;
1823613;Tony (I);Way;True;1978;Rochford, Essex, England, UK;;
404129;Brann;Dailor;True;;;;
1238910;Elisa;Nixon;False;;;;
716960;Allissa;Horn;False;;;;
1666087;Ean;Taylor;True;;;;
298989;Dean-Charles;Chapman;True;;;;
585219;Poonam;Gibson;False;;;;
512070;Adam;Fitz;True;;;;
1546916;David;Scott-Harris;True;;;;
326817;Marko (I);Cindric;True;;;;
225811;Mary;Breckinridge;False;1881;Memphis, Tennessee, USA;;
241076;Eric;Brotherson;True;1911;Chicago, Illinois, USA;1989;New York City, New York, USA
1380891;Mattea;Quin;False;;;;
711392;Lena;Headey;False;1973;Hamilton, Bermuda;;
1500814;Maja;Sabljic;False;1960;Obrenovac, Serbia, Yugoslavia;;
1690884;Waldemar;Thulin;True;;;;
588825;Madame;Ginette;False;;;;
695206;Lana (III);Hilton;False;;;;
486059;Alfred;Dowling;True;;;;
1077740;Jodhi;May;False;1975;Camden, London, England, UK;;
425354;Wesley E.;Davis;True;;;;
703667;Ryan;Hoag;True;;;;
1666087;Jessica (I);Stevenson;False;2005;Belfast, Northern Ireland, UK;;
452420;Emily;Diamond;False;;;;
1181055;Faolan;Morgan;True;;;;
797602;Amy (I);Jones;False;;;;
219185;David (IV);Bradley;True;1942;York, Yorkshire, England, UK;;
476730;Blake Alan;Fairbanks;True;;;;
241076;Eva;Butterly;False;;;;
784034;Kimberly;Jenkins;False;;;;
515985;Lacey;Flint;False;;;;
447762;Emun;Elliott;True;1983;Edinburgh, Scotland, UK;;
481246;Frdric;Dorkel;True;;;;
730697;Michiel;Huisman;True;1981;Amstelveen, Noord-Holland, Netherlands;;
763928;Margaret;Jackman;False;;;;
1078033;Naomi;Matsui;False;;;;
236894;Francis A.;Burdette;True;;;;
1376756;Jonathan;Pryce;True;1947;Holywell, Flintshire, Wales, UK;;
861892;Darren;Kent;True;;;;
1203996;Jorge (I);Muiz;True;;;;
978164;Jong-ran;Lee;True;;;;
420865;Hamed;de Leon;True;;;;
408531;Charles (I);Dance;True;1946;Redditch, Worcestershire, England, UK;;
1238910;Juhani;Niskanen;True;;;;
1226292;Scott (XV);Newman;True;;;;
509181;Denis (I);Fischer;True;;;;
427435;Mike (XII);Day;True;;;;
694433;Stacy (II);Hill;False;;;;
555894;Chris (IV);Gallagher;True;;;;
399981;Dina;D.;False;;;;
1756687;Rupert;Vansittart;True;1958;Cranleigh, Surrey, England, UK;;
138357;Elizabeth (VIII);Barrett;False;;;;
109122;Nikola;Bace;True;;;;
458658;Tuncay;Erenay;True;;;;
376571;Katie;Creaven;False;;;;
691124;Usha (I);Hariharan;True;;;;
473403;Peter (I);Doherty;True;;;;
419987;Psy4;De la Rime;True;;;;
447552;Benito Luna;Desesperado;True;;;;
520903;Jerome;Flynn;True;1963;Bromley, Kent, England, UK;;
1077740;;Matthaios (II);True;;;;
381755;Alexa;Csizmadia;False;;;;
713556;Michael;Hooley;True;;;;
686300;Alice;Hewkin;False;;;;
709987;Julie;Hollbrook;False;;;;
131127;Alice (II);Barber;False;;;;
1671194;Alexis;Stoumbelis;False;;;;
1902455;Michael;Yare;True;1983;Dublin, Ireland;;
1181055;Marielos;Morice;False;;;;
277858;Maria Luisa;Catalano;False;;;;
452420;Michael;Emina;True;;;;
1226205;Peter (VII);Newman;True;;;;
709700;Ben;Hawkey;True;;;;
717682;Emil;Horvath;True;;;;
1786374;Eros;Vlahos;True;1995;London, England, UK;;
493278;Jake;Ferentz;True;;;;
1693763;Vita;Susak;True;;;;
545974;Gordon;Fulton;True;;;;
1061393;Marcelo;Maita;True;;;;
1081457;Maury;Maury;True;;;;
219378;John (XXIV);Bradley;True;;;;
1007152;Harry (I);Lloyd;True;1983;London, England, UK;;
1868651;James (CI);Wilson;True;;;;
540955;Dimitri;Frenkel Frank;True;1928;Munich, Germany;1988;Hilversum, Noord-Holland, Netherlands
1404356;Bella;Ramsey;False;2004;UK;;
557258;Donal;Gallery;True;;;;
709700;Mark (II);Hoke;True;;;;
512538;Vera;Fjelstrup;False;1889;Copenhagen, Denmark;;
1428468;David;Resch;True;;;;
1938912;Lalo;lvarez;True;;;;
85527;Raquel;Arraes;False;;;;
1658838;Otto (III);Steiger;True;;;;
1312735;Sandra;Perrier;False;;;;
544564;Kaoru;Fukishima;True;;;;
1191302;Bradley;Moss;True;;;;
1084688;Ann Marie;McDermott;False;;;;
916196;Kristina;Krepela;False;1979;Croatia;;
198548;Barbara Ottin;Bocat;False;;;;
1365134;Nikolai;Pozdnyakov;True;;;;
717682;Bronte;Horsfield;False;;;;
849625;Susie (II);Kelly;False;;;;
447552;Karen;DeSha;False;;;;
74228;George (II);Appleby;True;;;;
1611604;Samuel Paul;Small;True;;;;
1702167;Keith;Tollefson;True;;;;
420865;Essie;Davis;False;1970;Hobart, Tasmania, Australia;;
1077740;Jeronimo;Marroquin;True;;;;
1405760;Boyd;Rankin;True;;;;
473075;Clive (I);Exton;True;1930;Islington, London, England, UK;2007;London, England, UK
1087667;Sara (IX);Martn;False;;;;
1566116;;Shanell;False;;;;
682158;Annette;Hannah;False;;;;
539113;Jon (VIII);Freeman;True;;;;
232388;Ania;Bukstein;False;1982;Moscow, Russian SFSR, USSR [now Russia];;
1094112;James (III);McHale;True;;;;
1225767;Christopher (II);Newman;True;1955;Tripoli, Lebanon;;
475182;Lino;Facioli;True;2000;Ribeiro Preto, So Paulo, Brazil;;
1077740;Colomba;Mantella;False;;;;
1549518;Toby;Sebastian;True;;;;
992922;Jen;Lilley;False;;;;
1075751;David (III);Manning;True;1973;Los Angeles, California, USA;;
1086881;Teresa;Martins;False;;;;
582103;George (I);Georgiou;True;;;;
1222939;Laurence;O'Fuarain;True;;;;
384232;Aidan;Crowe;True;;;;
1084466;Stella;McCusker;False;1942;Ireland;;
480489;Madison;Dorbeck;False;;;;
1721121;Pamela (I);Turner;False;;;;
879953;Billy (XV);King;True;;;;
1505431;Robert Stephen;Ryan;True;;;;
1256796;Colleen;O'Hare;False;;;;
271436;Dominic (I);Carter;True;;;;
141634;Phillip;Bartowell;True;;;;
1078033;Jon;Marsch;True;;;;
1079572;David;Mccann;True;;;;
588439;Sarah (II);Gilson;False;;;;
1226292;Brendan (IV);O'Rourke;True;;;;
625927;Kina;Grannis;False;;;;
988656;Cheryl;Lester;False;;;;
1672050;Joye;Thaller;False;;;;
1185063;Anthony (IV);Morris;True;;;;
1565371;Michael;Shaeffer;True;;;;
252844;Lee (I);Caldwell;True;;;;
689671;Siaka;Harding;True;;;;
189486;Stephanie;Blacker;False;;;;
442031;Sophia;Eklund;False;;;;
640159;Michael;Grennell;True;;;;
1461389;James McKenzie;Robinson;True;1978;East Sussex, England, UK;;
1219667;;Neomi;False;;;;
1078033;Clive;Mantle;True;1957;Barnet, Hertfordshire, England, UK;;
778934;Aisling;Jarrett-Gavin;False;;;;
1641247;Shelva;Spencer;True;;;;
582103;Alexander;Gerlach;True;;;;
381461;Sebastian;Croft;True;;;;
1219481;Gabe;Nelson;True;;;;
346820;Steven (III);Cole;True;;;;
249671;Madalena;Caixeiro;False;;;;
567579;David (I);Garlick;True;;;;
1761707;Heather;Vaught;False;;;;
1465624;Paddy;Rocks;True;;;;
1079572;Claudia (II);Marsh;False;;;;
798749;Harry (XVI);Johnson;True;;;;
709979;Tiffany;Hollash;False;;;;
254466;Ashley;Callie;False;1976;Johannesburg, South Africa;2008;Johannesburg, South Africa
492357;David;Fennelly;True;;;;
1039162;Adam Peter Terrance;Lyon;True;;;;
1077708;Litsa;Matraki;False;;;;
1075751;Bobby;Marno;True;;;;
719903;Wuese;Houston-Jibo;False;;;;
420148;Alana (I);Davis;False;1974;New York City, New York, USA;;
198548;Sean;Blowers;True;1961;Middlesbrough, Yorkshire, England, UK;;
668554;Maria;Hagewald;False;;;;
1938912;Mahmut;avli;True;;;;
1502360;Nick (IV);Russo;True;;;;
1244347;Ambra;Orfei;False;;;;
247576;Stephen (XXI);Brown;True;;;;
381092;Anthony John;Crocker;True;;;;
675549;Christopher (XXIV);Hall;True;;;;
802855;Wilko;Johnson;True;;;;
1859542;Doug (XIV);Williams;True;;;;
1100625;Ciaran (I);McMahon;True;;;;
1849641;Ian (II);Whyte;True;1971;Bangor, North Wales, UK;;
1028398;Michele;Lucci;True;;;;
1222341;Terje;Ness;True;;;;
945123;Randi;Lamey;False;;;;
625927;Munro;Graham;True;;;;
1885632;Kelly (I);Worthington;False;;;;
1171200;Pat (IV);Mooney;True;1945;Northern Ireland, UK;;
69711;Eileen;Antonescu;False;;;;
476730;Xiao;Fang Fang;False;;;;
1566116;Kiran;Shah;True;1956;Nairobi, Kenya;;
1081704;Andrew;Martyn-Lewis;True;;;;
366051;James;Cosmo;True;1948;Clydebank, West Dunbartonshire, Scotland, UK;;
240657;Matt (IV);Butcher;True;;;;
360495;Lu;Corfield;False;;;;
1088260;Dylan;McDonough;True;;;;
536126;Jesse (I);Fraser;True;;;;
616767;Hattie;Gotobed;False;2002;Poole, Dorset, England, UK;;
529839;J.K.;Frances;False;;;;
1085990;Mahal;Martinez;False;;;;
1479704;Joana (II);Rosa;False;;;;
1700739;Tommi;Toija;True;;;;
1162976;;Mona (XLII);True;;;;
1083351;Bonnie;McCormick;False;;;;
1590669;Emmanuel;Siety;True;;;;
221414;Virginia Ruth;Boyd;False;;;;
507268;Vincent;Duviau;True;;;;
809583;Mark Lewis;Jones;True;1964;Rhosllannerchrugog, Wales, UK;;
240400;Rick;Burn;True;;;;
347925;Karen (II);Collins;False;;;;
39787;Roger;Allam;True;1953;London, England, UK;;
1084466;Jason (III);McCoy;True;;;;
347925;Aafke;D'Haeyer;False;;;;
1831033;Dean;Weir;True;1988;Northern Ireland, UK;;
131127;Bernardo;Barata;True;;;;
492357;April Rae;Ferguson;False;;;;
138426;Ludmila;Bastincov;False;;;;
698686;Ciarn;Hinds;True;1953;Belfast, Northern Ireland, UK;;
442031;Michael;Eklund;True;;;;
676027;Kajsa;Halldn;False;;;;
1085990;Laura;Mayz;True;;;;
480489;James (II);Doran;True;;;;
702346;Kristofer;Hivju;True;1978;Oslo, Norway;;
189486;Wigi;Black;True;;;;
1902455;Liangliang;Ye;False;;;;
441123;Gabrielle;Dempsey;False;;;;
682158;Moritz;Herda;True;;;;
683884;Nozomi;Hany;False;;;;
990684;;Leonardo (XXIV);True;;;;
1438843;Aimee;Richardson;False;;;;
8886;Amrita;Acharia;False;;;;
469295;Fola;Evans-Akingbola;False;;;;
259494;Ryan;Capuano;True;1986;Warwick, Rhode Island, USA;;
1081457;Barrie (II);Martin;True;;;;
1078701;Marissa;Marquez;False;;;;
850182;Pippa;Kemp;False;;;;
1224569;Michael;Nevin;True;;;;
493278;Richard;du Cann;True;;;;
784373;Danielle Claire;Jenner;False;;;;
778934;Arnold (II);Janssen;True;;;;
294384;Will (I);Champion;True;1978;Southampton, Hampshire, England, UK;;
1096702;Ryan (IX);McKenna;True;;;;
1692179;Annette;Tierney;False;;;;
1220917;Jir (II);Nemecek;True;;;;
778779;Ronny;Jansen;True;;;;
578368;Ian;Gelder;True;;;;
1505431;Donna;Santos;False;;;;
640159;Julia (II);Griffith;False;;;;
161265;Lew;Bennett;True;;;;
956878;Lemuel;LaRoche;True;;;;
614743;Robert (I);Goodman;True;1955;Northampton, England, UK;;
712576;Will;Holmes;True;;;;
1028398;Talitha;Luke-Eardley;False;;;;
1226835;David (XIII);Newton;True;;;;
587391;Josephine;Gillan;False;;;;
463956;Maria Rosa;Espinheira;False;;;;
142952;Boris;Beauchamp;True;;;;
726608;Michael;Hudman;True;;;;
1496827;Gemita;Samarra;False;;;;
694024;Kylie (II);Harris;False;;;;
1710493;David;Trevor-Jones;True;;;;
986497;Rich;Lello;True;;;;
1388246;Mark (III);Quigley;True;;;;
676212;Susannah;Halley;False;;;;
391807;Liam (I);Cunningham;True;1961;Dublin, Ireland;;
1492601;Diogo;Sales;True;1985;Rio de Janeiro, Brazil;;
675714;Sergio Luis;Henao;True;;;;
1493202;J.;Rozena;True;;;;
1605240;Jamie;Sives;True;1973;Lochend, Edinburgh, Scotland, UK;;
1822354;Darran;Watt;True;;;;
1885632;Leo;Woodruff;True;;;;
1221135;George;Nave;True;;;;
1219481;Gerry (I);O'Brien;True;;;;
1813393;Dermot;Ward;True;;;;
544564;Dennis;Fritz;True;;;;
1077604;Matt;McArdle;True;;;;
1392835;Mustapha;Rachidi;True;;;;
435875;Conor;Delaney;True;;;;
1084688;Walter (III);McCoy;True;;;;
184410;David;Birkbeck;True;;;;
1749760;Carice;van Houten;False;1976;Leiderdorp, Zuid-Holland, Netherlands;;
1211603;Staz;Nair;True;;;;
420610;Jos (II);de las Heras;True;;;;
1590669;Maria;Sikavica;False;;;;
419548;James;Davies Jr.;True;;;;
458658;Kate;Dickie;False;1971;East Kilbride, Scotland, UK;;
991799;Gerald;Lepkowski;True;;;;
716962;Amber;Horn;False;;;;
420865;Eric;Daviron;True;;;;
682158;Kevin (VII);Hand;True;;;;
68538;Vale;Anoai;False;1985;Staten Island, New York, USA;;
138433;Sabrina;Bartlett;False;;;;
1088943;Ian;McElhinney;True;1948;Belfast, Northern Ireland, UK;;
146385;Lucy;Beckwith;False;;;;
1841744;Callum;Wharry;True;;;;
343102;Amanda (III);Cohen;False;;;;
501339;Moe;Dunford;True;;;;
1091516;Philip (I);McGinley;True;1981;Liverpool, Merseyside, England, UK;;
216426;Esme;Bos;False;;;;
1664151;Rebecca (I);Stevens;False;;;;
997944;Raewyn;Lippert;False;;;;
1225767;Sandie (II);Newton;False;;;;
1486993;Knut;Sahlin-Ekberg;True;;;;
1086092;Rosy;Mazzacurati;False;1936;Ferrara, Italy;;
1409073;Lotus Bjerren Kjersgaard;Ravn;False;;;;
1171550;Andy (II);Moore;True;;;;
462133;Paola;Dionisotti;False;1946;Turin, Italy;;
486271;Alexander;Downer;True;1951;Adelaide, South Australia, Australia;;
425402;Eamon;de Valera;True;1882;New York City, New York, USA;1975;Dublin, Ireland
1224569;Tom (X);O'Malley;True;1960;Orange, New Jersey, USA;;
458658;Chris (I);Dickerson;True;;;;
346820;Merc (II);Coll;False;;;;
138433;Eugnie;Basti;False;;;;
318919;Gwendoline;Christie;False;1978;Sussex, England, UK;;
1877417;Tom;Wlaschiha;True;1973;Dohna, German Democratic Republic;;
1506038;Gerard;Sanmart;True;;;;
319546;Antonia;Christophers;False;;;;
1100666;Dez;McMahon;True;;;;
1409828;Spencer;Rathy;True;;;;
681737;Paul (IV);Herbert;True;;;;
582103;Saeed;Ghareh Khan Lou;True;;;;
276919;Keisha;Castle-Hughes;False;1990;Donnybrook, Western Australia, Australia;;
1641247;Samantha;Spiro;False;1968;Mill Hill, London, England, UK;;
1443695;Pascal;Riedel;True;;;;
1221135;Darragh (II);O'Connor;True;;;;
1079572;Allan;Mattsson;True;;;;
343102;Bryan;Cogman;True;1979;Oklahoma City, Oklahoma, USA;;
587611;Kristen;Gillespie;False;1962;Christchurch, New Zealand;;
1608665;Ed;Skrein;True;1983;Camden, London, England, UK;;
1077740;Jeniffer;Matrix;False;;;;
927950;Fiach;Kunz;True;;;;
194024;Virginie;Blard;False;;;;
512070;Tara (I);Fitzgerald;False;1967;Cuckfield, Sussex, England, UK;;
702346;Reece;Harvell;True;;;;
1205985;Jed;Murray;True;;;;
240657;Jenn (IV);Brown;False;;;;
477510;Persio;Donason;True;;;;
1682329;Michael (XV);Stuart;True;;;;
1224145;Gemma;Neve;False;;;;
1805788;Paddy;Wallace;True;;;;
1083613;Ava;McCoy;False;;;;
822183;;Kaamatchinaadhan;True;;;;
1702167;Ena;Tahirovic;False;;;;
1804816;Jem;Wall;True;;;;
1223039;Otmar;Netzer;True;;;;
1664151;Jean;Taylor Smith;False;1900;Scotland, UK;1990;Ayr, Scotland, UK
1721236;Sophie (IV);Turner;False;1996;Northampton, Northamptonshire, England, UK;;
1077604;Lydia;Marlene;False;;;;
26508;Nifin Ghazar;al Din;True;;;;
1330190;Philip;Philmar;True;;;;
1702167;Allon;Sylvain;True;;;;
1745664;Rebecca;Van Cleave;False;;;;
90054;Kathleen;Asselin;False;;;;
1077708;Layla Lauren;Mashayekh;False;;;;
1657515;Yukiko;Tanimoto;False;;;;
40571;Alfie;Allen;True;1986;Hammersmith, London, England, UK;;
1710493;Ral;Tortosa;True;;;;
1825141;Bronson;Webb;True;1983;London, England, UK;;
