ActorID,MovieOrSeriesID,IsMovie,Role
0,2919933,True,Buffy 4
1,1602038,False,Himself
2,3466168,True,Himself
2,3700022,True,Guests
3,3020942,True,
4,2827190,True,Bobby Riggs Fan
4,3465818,True,Himself
4,3620165,True,2002 Dodger Fan
4,3682782,True,1988 Opera House Patron
4,3686247,True,Club Patron/Dopeman
5,3068658,True,Himself - President - Passages
5,3087401,True,Thug 1
5,3450924,True,Trooth
5,1034238,False,Himself
5,1034240,False,Detective Ryan Turner
5,1034241,False,Detective Ryan Turner
5,1034242,False,Detective Ryan Turner
5,1034243,False,Detective Ryan Turner
5,1034244,False,Detective Ryan Turner
5,1436097,False,Bee Moe Slim
5,1436104,False,Bee Moe Slim
5,1788529,False,Victor Charles
5,1788543,False,Victor Charles
6,3876694,True,Yung $ly
6,811366,False,Yung $ly
6,811372,False,Yung $ly
8,3396953,True,Themselves
8,3396968,True,Themselves
8,1735730,False,Themselves
9,1966660,False,Themselves
10,3439178,True,Themselves
10,3641339,True,Themselves - Performers
10,101973,False,Themselves
10,101982,False,Themselves
10,686969,False,Themselves
10,2485710,False,Themselves
10,2491567,False,Themselves
11,210165,False,Themselves - Musicians
12,1812014,False,Himself
13,691356,False,Themselves
14,3641339,True,Themselves - Performers
14,686970,False,Themselves
15,3928151,True,Himself
16,3306989,True,Jaime (young)
17,2716989,True,Lobo
18,2475780,False,Themselves
19,1711362,False,Themselves
21,3633747,True,Himself - 'au paina panpipe ensemble
22,3951213,True,Two Palms - Ua'i Paame
23,3769019,True,Himself
24,735109,False,Power
24,735110,False,Power
25,3407061,True,Rapper
25,1047959,False,Himself
25,2057132,False,Young Leo
25,2267182,False,Various/lyricist
26,3820479,True,Defensive Tackle - Washington Sentinels
27,2769547,True,Bliss
27,3126642,True,Bliss
28,2818961,True,Fishing Competitor
29,3431270,True,Cooley's Customer/Celebration Guest
30,3184469,True,Tony
31,2813692,True,Himself - Drums
31,2918179,True,Himself - Claudia Leitte Band
31,2918180,True,Himself - Claudia Leitte Band: Drums
31,2918181,True,Himself - Invited Musician: Bateria
31,3593901,True,Himself
31,3895165,True,Himself - Drums
31,323296,False,Himself - Musician
32,3944953,True,Himself
33,3377547,True,Putik's Son
34,3292869,True,Himself
35,3439835,True,Nigth Club Owner
36,2769551,True,Casper
36,2811133,True,Dancer
36,2813191,True,Battle Judge
36,2827215,True,Rebel
36,2869374,True,Mini-Van
36,2999332,True,Casper
36,3172635,True,Freestyle Dancer
36,3247741,True,B Boy
36,3261582,True,Cole
36,3323822,True,Dancer
36,3682270,True,Grim Knight Dancer
36,3777138,True,
36,3794450,True,Fangz
36,2001088,False,Himself
36,2266986,False,Peetie AKA Fangz
36,2266988,False,Fangz
36,2266992,False,Fangz
36,2266993,False,Peetie
36,2266999,False,Peetie
36,2267000,False,Peetie
36,2474870,False,
38,3989164,True,Gitano 1
39,3493946,True,Himself
40,1433011,False,Rapper #2
41,3869660,True,Llavero
42,795592,False,Himself - Mechanic - Red Bull
43,2775781,True,
44,1716175,False,Himself
44,1716177,False,Himself
44,1716178,False,
44,1716180,False,Himself
44,1716181,False,Himself
44,1716182,False,Himself
44,1716184,False,Himself
44,1716186,False,Himself
44,1716187,False,Himself
44,1716188,False,Himself
44,1716190,False,Himself
44,1716191,False,Himself
44,1716192,False,Himself
44,1716194,False,Himself
45,3944953,True,Himself
46,2787205,True,
46,2940013,True,
46,3155253,True,
46,3854995,True,
46,776947,False,
47,2825174,True,Dibujo
48,2933855,True,Jeb Kinney
49,2813095,True,Doc Knotz
50,3794450,True,Umbra
51,587675,False,
52,674131,False,
53,2416683,False,Himself - Frame Shop Materials Processor
54,3112112,True,Himself
56,3134044,True,Gak
56,20944,False,
56,246228,False,Himself
56,246229,False,Himself
56,246230,False,Himself
56,246231,False,Himself
56,246249,False,Himself (6th Evicted 2003/13th Evicted 2004-1)
56,338841,False,Tadeo
56,432094,False,Dr. Ornelas
56,662657,False,Himself - Host (1993-1997)
56,718513,False,Himself
56,932444,False,Himself - Host
56,964430,False,Himself
56,1014925,False,Himself - Host
56,1014926,False,Himself - Host
56,1059503,False,Pepe Too
56,1059514,False,Pepe Too
56,1059591,False,Pepe Too
56,1126312,False,Dr. Buenrostro
56,1207705,False,El Burro
56,1211964,False,
56,1212008,False,
56,1212025,False,
56,1212036,False,
56,1413688,False,Host-Himself
56,1413689,False,Himself - Host
56,1413690,False,Himself - Host
56,1413691,False,Himself - Host
56,1413692,False,Himself - Host
56,1413693,False,Himself - Host
56,1413694,False,Himself - Host
56,1413695,False,Himself - Host
56,1413696,False,Himself - Host
56,1413697,False,Himself - Host
56,1413698,False,Himself - Host
56,1542795,False,Himself
56,1545871,False,Himself - Guest
56,1760678,False,Himself - Host
56,1853634,False,Nelson
56,1853722,False,
56,1896029,False,El Burro Pomn
56,1896030,False,El Burro Pomn
56,2029814,False,
56,2029815,False,
56,2029816,False,
56,2029817,False,
56,2029818,False,
56,2029819,False,
56,2037550,False,Himself - Host
56,2446982,False,
56,2511899,False,Nico
56,2511919,False,Nico
56,2536759,False,Himself
56,2697303,False,El Burro
56,2698782,False,Mike Well
56,2698783,False,Mike Well
56,2698784,False,Mike Well
56,2698785,False,Mike Well
56,2698786,False,Mike Well
56,2698787,False,Mike Well
56,2698788,False,Mike Well
56,2698789,False,Mike Well
56,2698790,False,Mike Well
56,2698791,False,Mike Well
56,2698792,False,Mike Well
56,2698793,False,Mike Well
56,2698794,False,Mike Well
56,2698795,False,Mike Well
56,2698796,False,Mike Well
56,2698797,False,Mike Well
56,2698798,False,Mike Well
56,2698799,False,Mike Well
56,2698800,False,Mike Well
56,2698801,False,Mike Well
56,2698802,False,Mike Well
56,2698803,False,Mike Well
56,2699611,False,Zopenko Karambazof
57,3292609,True,Himself
58,2771682,True,
58,2964071,True,Himself - Performer
58,3072441,True,Himself
58,3469511,True,Himself
58,3540612,True,Himself
58,3592211,True,Himself
58,41890,False,Himself
58,81491,False,Himself
58,431383,False,Himself
58,817231,False,Himself
58,1483987,False,Himself
58,1483993,False,Himself
58,1484170,False,Himself
58,1484181,False,Himself
58,1546075,False,Himself
58,1620672,False,Himself
58,1657075,False,Himself
58,1657076,False,Himself
58,1657077,False,Himself
58,1657287,False,Himself
58,1657288,False,Himself
58,1657289,False,Himself
58,1844144,False,Himself
58,1845146,False,Himself
58,2452100,False,Himself
58,2477525,False,Himself
59,2974144,True,
60,3296150,True,Himself
60,3513410,True,Rebolledo
60,121172,False,Himself
60,396393,False,Himself
60,665171,False,Himself
60,724848,False,
60,724850,False,Himself
60,724852,False,Himself
60,724854,False,Himself
60,724855,False,Himself
60,724856,False,Himself
60,724857,False,Himself
60,724858,False,Himself
60,724859,False,Himself
60,724860,False,Himself
60,724861,False,Himself
60,724862,False,Himself - Comedian
60,724863,False,Himself - Comedian
60,724864,False,Himself
60,724865,False,Himself
60,724866,False,Himself
60,724867,False,Himself
60,724884,False,Himself
60,724888,False,Himself
60,1017372,False,Himself
60,1017380,False,Himself
60,1017384,False,Himself
60,1017385,False,Himself
60,1017387,False,Himself
60,1545054,False,Himself
60,1545062,False,Himself
60,1545063,False,Himself
60,1545082,False,Himself
60,1545088,False,Himself
60,1545112,False,Himself
60,1545139,False,Himself
60,1545157,False,Himself
60,1545171,False,Himself
60,1545172,False,Himself
60,1545181,False,
60,1545184,False,
60,1757417,False,
60,1757424,False,
60,1757425,False,
60,1757427,False,
60,1757428,False,
60,1757429,False,
60,1757430,False,
60,1757432,False,
60,1757433,False,
60,1757436,False,
60,1757438,False,Himself - Comedian
60,1928404,False,Himself
60,1971903,False,Himself
60,1971904,False,Himself
60,2519016,False,Staff Humorist
60,2519018,False,Staff Humorist
60,2519019,False,Staff Humorist
60,2519021,False,Staff Humorist
60,2519022,False,Staff Humorist
60,2519023,False,Staff Humorist
60,2519024,False,Staff Humorist
60,2519025,False,Staff Humorist
60,2519026,False,Staff Humorist
60,2519027,False,Staff Humorist
60,2519028,False,Staff Humorist
60,2519029,False,Staff Humorist
60,2537136,False,Himself
60,2561114,False,
60,2699558,False,Himself
60,2699641,False,Himself - Comedian
60,2699642,False,Himself - Comedian
60,2699643,False,Himself - Comedian
60,2699644,False,Himself - Comedian
60,2699645,False,Himself - Comedian
61,3349976,True,Bailaor
62,1206812,False,Himself
63,3046526,True,
64,3874530,True,Amigo Cigala 2
65,3348347,True,Segundo Cuadro Flamenco 'Tangos Festeros': Guitarrista
66,3348347,True,Tercer Cuadro Flamenco 'Soleares': Bailaor
67,2963080,True,Froiln plaza del estudiante
68,3288677,True,
69,3348347,True,Cuarto Cuadro Flamenco 'Taranta': Palmero
70,3487321,True,Agente #1
71,3349976,True,Cantaor
72,3740790,True,Biker 2
73,2732909,True,Adel
74,3944953,True,Himself
75,3486538,True,Himself
76,3855130,True,Dr. Shrinkalotsky
78,1041522,False,Dave Afoyan
79,3367290,True,Jesse
81,2772845,True,Scientist 3
82,2710609,True,Pokerspieler
83,3024082,True,Reporter
84,3936097,True,Dueo de la hostera
85,3263650,True,Jeep Driver
86,3884767,True,Big Gook
87,3944953,True,Himself
88,3633747,True,Himself - Panpipe maker/'au tahana panpipe ensemble/'au paina panpipe ensemble
89,3633747,True,Himself - 'Irisipau's Assistant/'au paina panpipe ensemble
90,2918179,True,Himself - Invited Musician
92,1716177,False,Himself
92,1716186,False,Himself
92,1716193,False,Himself
93,3159587,True,Man at Bar 3
94,2798095,True,Himself
94,2831370,True,Himself
94,3191826,True,Himself
94,3224693,True,Himself - Host
94,3702323,True,Himself
94,3723850,True,Big John Little
94,3733553,True,Himself
94,3733592,True,Himself - DJ - New York
94,3752531,True,Himself/Disc Jockey
94,3949085,True,Himself
94,93852,False,Himself
94,93855,False,Himself
94,193204,False,Rocky
94,206745,False,Himself
94,257838,False,Himself
94,452419,False,Big Hart
94,780813,False,Himself - Guest
94,2140520,False,Himself
94,2349191,False,Himself - WINS Radio NY
94,2413244,False,Himself
95,3927329,True,Montaa
96,3014987,True,
97,3004275,True,Michael Parker
97,3462438,True,Alexis' Thug
97,3564154,True,Henchman #3
97,3691593,True,Officer Ward
97,3770567,True,Marcus
97,3914324,True,Randall Dawson
98,3206987,True,Himself
99,3310871,True,Himself
100,2884200,True,
100,3035677,True,Doctor Giraldo
100,3927315,True,Victoriano
101,3374522,True,Dvs
102,3568042,True,Sammy
102,178465,False,Renaldo Satin
102,178466,False,Renaldo Satin
102,178467,False,Renaldo Satin
102,178468,False,Renaldo Satin
102,178469,False,Renaldo Satin
102,178470,False,Renaldo Satin
102,178472,False,Renaldo Satin
102,178474,False,Renaldo Satin
102,178475,False,Renaldo Satin
102,178476,False,Renaldo Satin
103,3227719,True,Himself
104,1987805,False,Himself - Host
105,670409,False,Himself
106,3983953,True,Hippie Guitar Player
107,3458907,True,
108,3208099,True,Kenada
109,2918179,True,Himself - Invited Musician
110,3645417,True,Jasper
111,3234124,True,Mickey the Dog
112,3882093,True,
113,1671604,False,Guest
114,2815528,True,Agent Thug 1
114,3131888,True,Pestilence
114,3140426,True,Tattooist
114,3788960,True,Lead Smuggler
115,3349976,True,Cantaor
116,2733735,True,Himself
117,3439951,True,Himself
118,3759566,True,Tyrone's Bodyguard #2
119,3665323,True,
120,2396711,False,Themselves - Performer
121,3492910,True,
121,3689958,True,Happy Man
123,3633747,True,Himself - 'au paina panpipe ensemble
124,509451,False,Himself
124,577532,False,Himself
125,673961,False,Himself
126,1680766,False,
126,1680767,False,
126,1680768,False,
126,1680769,False,
126,1680770,False,
126,1680771,False,
126,1680772,False,
126,1680773,False,
126,1680774,False,
126,1680775,False,
126,1680776,False,
126,1680777,False,
126,1680778,False,
126,1680779,False,
126,1680780,False,
126,1680781,False,
126,1680782,False,
126,1680783,False,
126,1680784,False,
126,1680785,False,
126,1680787,False,
126,1680788,False,
126,1680789,False,
126,1680790,False,
126,1680791,False,
126,1680792,False,
126,1680793,False,
126,1680794,False,
126,1680796,False,
126,1680798,False,
126,1680799,False,
126,1680801,False,
126,1680802,False,
127,3127270,True,The Fugitive
128,3349976,True,Guitarist
129,3571827,True,Real LAPD Officer
130,3235895,True,Wrangler Smarts
130,3247680,True,Dread
131,2769547,True,Reaktion
131,2822542,True,Dancer
133,3332311,True,Corps of Discovery
134,3123052,True,Himself
135,1129736,False,
135,1830021,False,Himself
136,811584,False,Himself - Guitar - Vocals
137,2888950,True,TV narrator
137,2898369,True,Narrator
138,3944953,True,Himself
139,3682208,True,Continental Club Dancers
140,2746485,True,Himself
141,3458720,True,Stevenson "Son Son" Dupain
142,3749903,True,Detective Marcus Gaines
143,2827215,True,MC Spax
143,1873087,False,Himself
144,3241560,True,Cashier
145,3944953,True,Himself
146,3077686,True,Limbo Dance by
147,2865636,True,Himself
147,527619,False,
147,532725,False,Himself
147,533288,False,Himself
147,533531,False,Himself
147,533693,False,Himself - Schrijver
147,533733,False,Himself
147,534104,False,Himself
147,534424,False,Himself - Schrijver
147,1665926,False,Himself
147,1666083,False,Himself
147,1666357,False,Himself
147,1666608,False,Himself - Schrijver
147,1666977,False,Himself
147,2691006,False,Himself
148,952382,False,Pastoor 1
149,3986986,True,Yorgos Znapoudos
150,2962722,True,Ruprecht
150,2964374,True,Hollandse boer
150,3007179,True,Dirk Jan
150,3115779,True,Diederick van Haerlem
150,3877136,True,Joe
150,528278,False,Vliegveld-commandant
150,532582,False,Wickham
150,532583,False,Wickham
150,532584,False,Wickham
150,532585,False,Wickham
150,532586,False,Wickham
150,532587,False,Wickham
150,532588,False,Wickham
150,1873899,False,Meneer klundert
151,1618003,False,Oudste zoon (1993)
151,1635355,False,Richard
152,869976,False,Bart
152,1621814,False,Alexander van der Sande
152,2683077,False,Kees
153,3413869,True,Officier van Justitie
154,355986,False,Himself
154,528829,False,Himself - Physicist
154,534205,False,Himself - Mars One (segment "De Jakhalzen")
154,1666917,False,Himself - Emeritus Hoogleraar Natuurkunde
154,2421290,False,Himself - Nobel Price in Physics
155,1517729,False,Jonge Tupolev
156,1517729,False,Jonge Tupolev
157,2720238,True,Willem
157,2882033,True,Mr. Willemse
157,276731,False,Ronald
157,953304,False,Igor de Viking
157,953359,False,Wouter
157,953360,False,Wouter
157,953372,False,Singer
157,953554,False,
157,1104163,False,Rogier
157,1441205,False,Markus Verbeek
157,1547973,False,Rene van Ginkel
157,1547974,False,Rene van Ginkel
157,1547977,False,Rene van Ginkel
157,1888950,False,Patholoog anatoom
157,2599131,False,Soldaat/Dienaar
157,2599132,False,Augur/Soldaat
157,2599133,False,Romein/Eunuch/Bisschop Vigilius
157,2599134,False,Hollander/Dienstweigeraar/Arminius
157,2599135,False,Brittanicus/Jurylid/Presentator/Primus
157,2599136,False,Romein/Gerardus
157,2599137,False,Slaaf Sillus
158,3227231,True,Jack the Ripper
159,1602939,False,Boy with Guitar
159,1833549,False,Boy in Daycare
160,534421,False,Himself - Verslaggever EnVandaag
160,872573,False,Himself
161,527372,False,Vaelerio's Manager
162,2971103,True,Detective
163,3895806,True,Himself - Ring Announcer
164,2931535,True,Pennsylvania
165,3891857,True,Himself
166,3944953,True,Himself
167,3188594,True,Bootsy
168,3421412,True,Themselves
168,3421413,True,Themselves
168,206198,False,Themselves
168,206410,False,Themselves
168,1078406,False,Themselves
168,1965499,False,Themselves
169,3745961,True,Himself
170,2827215,True,MC Trix
171,3417510,True,Courtney Brown Jr.
172,3513230,True,
173,3879317,True,Tribesman
174,1831188,False,Himself
175,3943786,True,Himself - Subject
176,2440402,False,Themselves - Singers/Dancers
177,3077113,True,Corpse
178,3783203,True,Himself
178,412406,False,Himself - Bassist
179,3651229,True,Himself
180,2707815,True,Themselves
180,2707816,True,Themselves
180,2707818,True,Themselves
180,2707819,True,Themselves
180,2707820,True,Themselves
180,2707821,True,Themselves
180,2707822,True,Themselves
180,2707823,True,Themselves
180,2707824,True,Themselves
180,2710526,True,Themselves
180,2713912,True,Themselves
180,2715057,True,Themselves
180,2776619,True,Themselves
180,2875842,True,Themselves
180,2958595,True,Themselves
180,3284266,True,Themselves - Performers: 'I Want You Back'
180,3363514,True,Themselves
180,3421423,True,Themselves
180,3421425,True,Themselves - Performers
180,3421426,True,Themselves
180,3447629,True,Themselves - Performers
180,3694225,True,Themselves
180,3696289,True,Themselves - Halftime Performers
180,3696290,True,Themselves
180,3724504,True,Themselves
180,3724510,True,Themselves
180,3724823,True,Themselves
180,3724842,True,Themselves
180,3724857,True,Themselves - Performers
180,3724868,True,Themselves - Performers
180,3724873,True,Themselves
180,3725182,True,Themselves
180,3725232,True,Themselves
180,3725242,True,Themselves
180,3725652,True,Themselves - Performers
180,3837386,True,Themselves - Presenters
180,3937149,True,
180,227948,False,Themselves
180,407216,False,*NSYNC
180,607966,False,Themselves
180,628451,False,Themselves
180,1358661,False,
180,1358662,False,
180,1358745,False,
180,1457992,False,Themselves
180,1629745,False,Themselves
180,1814051,False,Themselves - Performers
180,1845981,False,Themselves
180,1865961,False,Themselves - Musical Guest
180,2338310,False,Themselves
180,2338365,False,Themselves
180,2338454,False,Themselves
180,2338505,False,Themselves
180,2338520,False,Themselves
180,2338631,False,Themselves
180,2338766,False,Themselves
180,2338822,False,Themselves
180,2338913,False,Themselves
180,2372414,False,Themselves - Musical Guest
180,2372451,False,Themselves
180,2372630,False,Themselves - Musical Guest
180,2372764,False,Themselves - Musical Guest
180,2372955,False,Themselves - Musical Guest
180,2373001,False,Themselves - Musical Guest
180,2373043,False,Themselves - Musical Guest
180,2373155,False,Themselves - Musical Guest
180,2459229,False,Themselves
180,2459251,False,Themselves
180,2459288,False,Themselves
180,2465233,False,Street Performers
180,2468292,False,Themselves - Musical Guest
180,2557032,False,Themselves - Accused
180,2557042,False,Themselves
180,2557043,False,Themselves (segment "It's Gonna Be Me")
180,2557126,False,Themselves
181,3087024,True,Townwoman
181,3211642,True,Sara
182,3270052,True,Kohtaro
183,2716812,True,
184,3004914,True,
185,3851183,True,
186,2870787,True,
187,3828636,True,
188,2865928,True,Quan
189,3257201,True,Khuda
190,2756569,True,Himself
191,3142160,True,
192,3270052,True,Male Chocolate CM
193,3270052,True,Mechanic Engineer
194,2865928,True,Corner Boy
195,3270052,True,Mechanic Engineer
196,2935959,True,
197,3599111,True,Leon
198,3903279,True,
199,3952981,True,
200,3851183,True,
201,3390253,True,Daughter
202,3418842,True,
203,3004914,True,
204,3404452,True,
205,2844841,True,Alex
206,3641236,True,
207,3456461,True,Pedro
208,3362600,True,
209,3406923,True,Yuuhi Takamine
210,3335337,True,
211,3536654,True,War Victim #1
212,3355861,True,Ah Jian
213,3851183,True,
214,2731347,True,Krishnan
215,3969358,True,
216,3526854,True,
217,3103524,True,
218,3526854,True,
220,3859088,True,Chris
221,2934187,True,
223,2845519,True,Happy Customer
223,3345383,True,Camera Man
223,3595430,True,Isaiah
224,3786458,True,Himself
225,3558310,True,The Husband
226,3838311,True,Adik
227,3004193,True,
228,3004671,True,Aisha's Mother
228,3897898,True,Hamamah
229,3758954,True,Han Solo
230,2835101,True,
231,3845222,True,Himself
232,3366552,True,Cowboy Preacher
233,3082338,True,
234,3004193,True,
235,3845222,True,Himself
236,3512062,True,Henry Truman
237,3064264,True,Trent
238,3558310,True,Daughter
239,3767323,True,
240,2888853,True,Lt. Dick Sims
241,2817193,True,The Diner
242,3845222,True,Himself
243,3838311,True,Taufik
244,3465206,True,Charu
245,3737296,True,Homeless Boy
246,3167339,True,
247,3004193,True,
248,3845222,True,Themselves
249,3074198,True,Revanth
250,3845222,True,Himself
251,3845222,True,Himself
252,3256543,True,Shyam
253,3845222,True,Himself
254,3082338,True,
255,3601601,True,
256,3768934,True,Himself
257,3838311,True,Father
258,3962188,True,Model
259,3593157,True,Biddi Guy
260,3494718,True,
261,2783765,True,
262,3387905,True,Father in Church
263,3845222,True,
264,3090784,True,Shawn's Dad
266,3956685,True,Tarzan
266,1227516,False,Raju
267,3191469,True,Himself
267,3223167,True,The Cat
268,3055737,True,
269,3764401,True,The Actress
270,3845222,True,
271,2828149,True,Himself
272,2936498,True,Himself
273,3845222,True,Himself
274,3593157,True,Usher
275,3951712,True,George Sinclair
276,3768372,True,Rip
277,3817863,True,Wibble
278,3082338,True,
279,2777658,True,
280,3597359,True,Rupali
281,3848565,True,
282,3039130,True,
283,2256198,False,Themselves - Musical Guest
284,2719110,True,Themselves
284,2920934,True,Themselves
284,3482989,True,Himself
284,407623,False,Himself
284,407796,False,Themselves
284,2552033,False,Themselves
286,3441887,True,
287,3242414,True,Himself - Father-in-Law of G/qa'o
288,3607155,True,Sane
289,3538384,True,
290,210244,False,Themselves - Musicians
290,1248694,False,Themselves
291,3150329,True,Tortoise
292,2745577,True,Himself (segment "Scenario")
292,3955647,True,Shorty
292,188659,False,
292,745712,False,
292,2552114,False,Himself
292,2666537,False,Himself
293,1165749,False,Themselves
294,3159888,True,Themselves
295,2928617,True,Himself
295,3349285,True,Hermano Zorton
295,1017373,False,Himself
295,1017381,False,Himself
295,1017385,False,Himself
295,1545013,False,Himself
295,1545017,False,Himself
295,1545018,False,Himself
295,1545023,False,Himself
295,1545024,False,Himself
295,1545026,False,Himself
295,1545027,False,Himself
295,1545033,False,Himself
295,1545035,False,Himself
295,1545038,False,Himself - Comedian
295,1545041,False,Himself
295,1545042,False,Himself
295,1545049,False,Himself
295,1545055,False,Himself
295,1545057,False,Himself
295,1545075,False,Himself
295,1545081,False,Himself
295,1545089,False,Himself
295,1545199,False,Himself
295,1545213,False,Himself
295,1545214,False,Himself
295,1545215,False,Himself
295,1545218,False,
295,1546068,False,Himself
295,1546070,False,Himself
295,1546075,False,Himself
295,1807144,False,Himself
295,1807145,False,Himself
295,1807146,False,Himself
295,1807147,False,Himself
295,1807148,False,Himself
295,1807149,False,Himself
295,1807150,False,Himself
295,1807152,False,Himself
295,1807153,False,Himself
296,3353683,True,Himself
296,5715,False,Himself - Freestyle Friday Judge
297,3864220,True,Themselves
297,1242223,False,Themselves - Musical Guest
297,1242311,False,Themselves
297,1845899,False,Themselves
297,1865646,False,Themselves - Musical Guest
297,1865965,False,Themselves - Musical Guest
297,2134675,False,Themselves
297,2368131,False,Themselves
297,2370929,False,Themselves
297,2395704,False,Themselves
297,2631419,False,Themselves - Performers
298,210323,False,Themselves - Musicians
299,1976094,False,Guests
300,296854,False,Themselves
300,296862,False,Themselves
300,297126,False,Themselves
301,2474870,False,Themselves
302,2702291,False,Himself
303,2934661,True,Himself
304,3335461,True,Cowboys and Soldiers
305,3564712,True,Kab 101
306,1514741,False,Themselves
307,2809243,True,
308,2710728,True,Themselves
308,2723144,True,Themselves
308,3689953,True,Themselves
308,3854837,True,Themselves
308,21513,False,Themselves
308,255579,False,Themselves - Musical Guest
308,1285391,False,Themselves
308,1535415,False,Themselves - Group
308,1813772,False,Themselves
308,1813817,False,Themselves
308,2457366,False,Themselves
308,2458005,False,Themselves
308,2458042,False,Life is a Minestrone
308,2458063,False,Themselves
308,2458066,False,Themselves
308,2458078,False,Themselves
308,2458116,False,Themselves
308,2458118,False,Themselves
308,2458132,False,Themselves
308,2458134,False,Themselves
308,2458197,False,Themselves
308,2458199,False,Themselves
308,2458201,False,Themselves
308,2458202,False,Themselves
309,3265274,True,Crazy
310,515024,False,Themselves - Guest Performer
311,2838229,True,Themselves - Performers
311,3724369,True,Themselves
311,93402,False,Themselves - Musical Guest
311,116651,False,The Four Tops
311,811367,False,112
312,1206065,False,Themselves
313,2842795,True,Angel
313,3820671,True,Angel 11:11
313,3842877,True,Hero
313,3977985,True,Marcus
313,3987188,True,Funky Loft Guest
314,2711040,True,Themselves
315,3632543,True,Himself
316,3770398,True,Super Castano
317,2952650,True,Himself
317,2984639,True,Themselves
317,3037678,True,
317,3037681,True,
317,3272528,True,Themselves
317,3370869,True,Himself
317,71679,False,Himself
318,2474870,False,Themselves
319,2757572,True,Himself
319,3213090,True,Archaeologist
319,3341977,True,TV Reporter #1
319,3380513,True,Punk party kid
320,3424009,True,Himself
320,3893763,True,Himself
320,3943675,True,Himself
320,3943676,True,Himself
320,3943677,True,Himself
320,515212,False,The Band
320,901126,False,
321,570652,False,Themselves
322,3958355,True,Themselves
323,3520255,True,Themselves
324,2742216,True,Special Guest
324,3039552,True,Themselves
324,3687729,True,Doo-Wop Group
324,1865585,False,Themselves
324,1866175,False,Themselves - Musical Guest
324,1897447,False,Themselves
324,1897643,False,Singers 'Hand Talk'
324,1897684,False,Singers 'Hand Talk'
324,1897686,False,Themselves
324,1898233,False,Themselves
324,1898368,False,Themselves
325,2400241,False,Themselves - Contestant
325,2400242,False,Themselves - Contestants
325,2400243,False,Themselves - Contestants
325,2400245,False,Themselves - Contestant
325,2400246,False,Themselves - Contestants
325,2400262,False,Themselves - Contestants
325,2400264,False,Themselves - Contestants
325,2400280,False,Themselves
325,2400283,False,Themselves
325,2400292,False,Themselves - Contestants
325,2400294,False,Themselves - Contestants
326,2127580,False,Guest - Musical
327,3363826,True,Themselves
328,209953,False,Themselves - Musicians
329,2787522,True,AVGN Webcam Fan
330,1109871,False,Himself - Performer
331,210270,False,Themselves - Musicians
332,3140245,True,Musikanten
332,3197089,True,
332,3953200,True,Musikalischer Gast
332,20128,False,Themselves
332,511297,False,Themselves
332,2687263,False,Themselves
333,1214730,False,Themselves - Musical Guest
334,2939114,True,Themselves
335,2883670,True,The 18 Wheelers of Interstate 5
336,3577143,True,Van Debo
337,2459152,False,Themselves
338,2723023,True,Ref
339,2440456,False,Themselves
340,2232402,False,Themselves
341,2232370,False,Themselves - Sketch Actors
342,3574456,True,Itself
343,209127,False,Themselves
343,236501,False,Themselves
343,250566,False,Themselves - Musical Guest
343,427216,False,Themselves - Musical Guest
343,861478,False,Themselves
343,861483,False,Themselves
343,1106182,False,Himself - Musical guest
343,1243741,False,Themselves - Musical Guests
343,1341412,False,
343,1866011,False,Themselves - Musical Guest
343,2363998,False,Themselves - Musical Guest
344,861459,False,Themselves
344,861472,False,Themselves
344,1238397,False,Themselves - Musical Guest
344,1248002,False,Themselves - Musical Guests
345,2079206,False,Themselves
346,2079224,False,Themselves
346,2553679,False,Themselves
347,2835739,True,Water polo players
348,2532490,False,Themselves
349,3515526,True,
350,3141592,True,Themselves
351,3141592,True,Themselves
352,917430,False,Themselves
353,3361923,True,Chanteur rap
354,1284711,False,Themselves- Performer
355,2715814,True,Himself
355,2715847,True,Himself - Performer/Presenter
355,2715863,True,Himself
355,2715913,True,Himself
355,2715947,True,Himself
355,2715994,True,Himself - Performer
355,2716022,True,Himself
355,2777400,True,Himself - Presenter
355,2838223,True,Himself
355,2838225,True,Himself
355,2838227,True,Himself
355,2838229,True,Himself
355,2838236,True,
355,3063396,True,The Problem Solver
355,3067237,True,Himself
355,3120260,True,Himself - Guest
355,3197029,True,Himself - Presenter
355,3416069,True,Himself
355,3421201,True,Himself
355,3594996,True,2 Chainz (segment "Absorption")
355,3708740,True,Himself
355,3730043,True,Himself
355,3893655,True,2 Chainz
355,10542,False,Himself
355,376075,False,Himself - Guest
355,587398,False,Himself
355,689990,False,Himself
355,690344,False,Himself - Musical Guest
355,690421,False,Himself
355,760255,False,Himself
355,760257,False,Himself
355,764067,False,Himself
355,852003,False,Himself
355,852089,False,Himself
355,1016151,False,Himself
