ID,Title,Year,EndYear,Genre,Budget (EUR),Gross (EUR),FilmingDays,Language,Locations,Countries,Rating,Duration
3080050,Fitness on the Move,1991,1991,Documentary,,,,English,,UK,,
3080051,Fitness on Trial,1983,1983,Documentary*Short,,,,,,Canada,,
3080052,Fitness Over Forty,1991,1991,Documentary,,,,English,,UK,,
3080053,Fitness Sluts 1,2004,2004,Adult,,,,English,,USA,,
3080054,Fitness Tips with Jack Brisbane,2010,2010,Comedy*Short,,,,English,,,,
3080055,Fitness Wins: 4 and 20 Fit Girls,1940,1940,Documentary*Short,,,,English,,UK,,
3080056,Fitness Witness,2015,2015,Short,,,,Romanian,,Romania,,
3080057,Fitness-Workout mit Jrgen Drews,2008,2008,Documentary,,,,German,,Germany,,
3080058,Fito & Pitchi,2013,2013,Comedy*Short,,,,Spanish,,Spain,,
3080059,Fito y Bety,2003,2003,Short,138,,,Spanish,Aguascalientes - Aguascalientes - Mexico,Mexico,,
3080060,Fito Y Fitipaldis: Antes De Que Cuente Diez,2010,2010,Music*Short,,,,Spanish,,Spain,,
3080061,Fitoor,2008,2008,Music*Short,,,,Hindi,,India,,
3080062,Fitoor,2016,2016,Drama*Romance,8500189,633779,,Hindi*Urdu,Krakw - Malopolskie - Poland*Brzesko - Malopolskie - Poland*Filmistan Studios - Mumbai - Maharashtra - India,India,5.4,
3080063,Fitri,2013,2013,Drama*Short,,,,Indonesian,,Indonesia,,
3080064,Fits & Starts,2002,2002,Comedy*Short,,,,English,North Hollywood - Los Angeles - California - USA,USA,8.0,
3080065,Fits,1915,1915,Comedy*Short,,,,,,UK,,
3080066,Fits,2004,2004,Drama*Short,47223,,,English,Los Angeles - California - USA	(exteriors),USA,8.2,15
3080067,Fits and Benefits,1938,1938,Comedy*Music*Short,9445,,,English,New York City - New York - USA,USA,,20
3080068,Fits and Chills,1915,1915,Comedy*Short,,,,English,,USA,,
3080069,Fits and Misfits,1910,1910,Comedy*Short,,,,,,UK,,
3080070,Fits and Starts,2002,2002,Romance,,,,English,,USA,6.5,
3080071,Fits and Starts,2016,2016,Comedy,,,,English,,USA,,
3080072,Fits and Starts of Restlessness,2012,2012,Short,4689,,,English,London - England - UK,UK,,
3080073,Fits in a Fiddle,1933,1933,Comedy*Short,,,,English,,USA,5.6,15
3080074,Fitted,2014,2014,Drama*Family*Short,,,,English,,USA,,
3080075,Fitter Happier,2011,2011,Music*Short,94,,,English,,USA,,
3080076,Fittest on Earth: The Story of the 2015 Reebok CrossFit Games,2016,2016,Documentary*Sport,,,,English,,USA,7.1,
3080077,Fitting,2006,2006,Adult*Short,,,,None,,Russia,,
3080078,Fitting,2008,2008,Comedy*Short,,,,English,,USA,,
3080079,Fitting,2012,2012,Comedy*Drama*Short,,,,English,,USA,,
3080080,Fitting a Fireman for His Work,1901,1901,Documentary*Short,,,,English,,UK,,
3080081,Fitting in,1981,1981,Documentary,,,,English,,USA,,
3080082,Fitting in,2011,2011,Animation*Family*Short,,,,English,,Canada,,
3080083,Fitting In,2013,2013,Short*Thriller,,,,English,Guaynabo - Puerto Rico,Puerto Rico,,
3080084,Fitting In,2016,2016,Drama*Short,,,,English,Union City - California - USA	(school),USA,,
3080085,Fitting Master,2009,2009,Action*Comedy*Crime*Drama,,,,Telugu,,India,5.5,
3080086,Fitting Room,2012,2012,Drama*Family*Horror*Short,,,,Korean,,South Korea,,
3080087,Fitting the Description in North Portland,2015,2015,Documentary*News,,,,English,,USA,,
3080088,Fitting the Print,2015,2015,Drama*Short,,,,English,,USA,,
3080089,Fitues,1968,1968,Action,,,,Albanian,,Albania,,
3080090,Fitz,2007,2007,Drama,7021,,,English,Edmonton - Alberta - Canada,Canada,,93
3080091,Fitz,2011,2011,Comedy*Musical*Romance*Short,,,,,Idyllwild - California - USA,USA,6.1,
3080092,Fitz,2013,2013,Adventure*Documentary*Family*Short*Sport,,,,English,,USA,,
3080093,Fitz and Slade,2013,2013,Comedy,9445,,,English,Los Angeles - California - USA,USA,9.4,
3080094,Fitz and the Tantrums: See More - LA with Fiat,2014,2014,Music*Short,,,,English,,USA,,
3080095,Fitzcarraldo,1982,1982,Adventure*Drama,,192308,,German*Spanish*Italian,Brazil*Peru*Pongo de Mainique - Urubamba River - Peru	(canyon with rapids at the end)*Amazon Basin - Brazil*Amazon Rainforest - Amazonas - Brazil*Amazon River - Amazon Rainforest - Amazonas - Brazil*Amazonas - Brazil*Camisea River - Peru*Campas Tribal Region - Peru*Iquitos - Peru*Machiguenges Tribal Region - Peru*Manaus Landing - Manaus - Amazonas - Brazil*Manaus - Amazonas - Brazil*Maynas Province - Peru*Mercado Adolpho Lisboa Market - Manaus - Amazonas - Brazil*Plaza de Armas - Iquitos - Peru	(Fitzcarraldo's house)*Praa So Sebastio - Manaus - Amazonas - Brazil*Pucalpa - Peru*Rio Negro - Amazonas - Brazil*Teatro Amazonas Opera House - Praa So Sebastio - Manaus - Amazonas - Brazil*Urubamba River - Peru*Urubamba Valley - Peru,West Germany*Peru,8.2,
3080096,Fitzgerald Marine Reserve,2013,2013,Documentary*Short,,,,English,,USA,,
3080097,Fitzgerald's Flask,2006,2006,Comedy*Short,1889,,,English,Long Island - New York - USA*Manhattan - New York City - New York - USA,USA,6.2,25
3080098,Fitzhugh's Ride,1914,1914,Drama*Short,,,,English,,USA,,
3080099,Fitzmary 3,2008,2008,Short,,,,English,,UK,,10
3080100,Fitznoodle's Hunt for Wealth,1914,1914,Comedy*Short,,,,English,,UK,,
3080101,Fitznoodle's Last Ball,1907,1907,Comedy*Short,,,,English,,USA,,
3080102,Fitznoodle's Wooing,1911,1911,Comedy*Short,,,,,,UK,,
3080103,Fitzroy Lodge,2012,2012,Short,11723,,,English,London - England - UK,UK,,5
3080104,Fitzwater & Mutton 'a buddy film',2015,2015,Comedy*Short,260,,,English,,USA,,
3080105,Fitzwilly,1967,1967,Comedy*Romance,,,,English,Samuel Goldwyn Studios - 7200 Santa Monica Boulevard - West Hollywood - California - USA	(studio)*High Street - Moorpark - California - USA	(exteriors),USA,6.7,
3080106,Fitzy,2014,2014,Biography*Documentary*Drama*History*Short,,,,English,,UK,,
3080107,Fiul muntilor,1981,1981,Action,,,,Romanian,Romania,Romania,6.9,
3080108,Fiumana,2012,2012,Animation*Short,,,,Italian,,Italy,6.1,
3080109,Fiume,1912,1912,Documentary*Short,,,,Italian,,Italy,,
3080110,Fiuntikeosiantis,2009,2009,Animation*Drama*Short,,,,English,,USA,,
3080111,Five,1951,1951,Drama*Horror*Sci-Fi,,,,English,South Broadway - Los Angeles - California - USA	(street scenes)*Arch Oboler House - 32436 Mulholland Highway - Malibu - California - USA*Glendale - California - USA,USA,6.5,
3080112,Five,2003,2003,Drama,,,,English,Richmond Hill - Ontario - Canada*Toronto - Ontario - Canada,Canada,7.7,
3080113,Five,2005,2005,Short*Thriller,,,,English,,USA,,
3080114,Five,2007,2007,Horror*Thriller,8338,,29,English,Auckland - New Zealand,New Zealand,3.4,77
3080115,Five,2011,2011,Comedy*Drama,,,,English*French*Pashtu*Urdu,,USA,7.7,
3080116,Five,2011,2011,Comedy*Drama,,,,,,USA,,
3080117,Five,2011,2011,Comedy*Drama,,,,,,USA,,
3080123,Five,2013,2013,Drama*Short,,,,English,,USA,,
3080124,Five,2014,2014,Drama*Short,,,,English,Orange - California - USA,USA,,
3080125,Five,2015,2015,Drama*Short,3517,,,English,London - England - UK,UK,,29
3080128,FIVE 5-Minute Landscapes -- 2009-2010,2011,2011,Documentary*History*News,,,,English,,USA,,
3080129,Five Aces,1999,1999,Comedy*Drama,,,,English,Big Bear Lake - Big Bear Valley - San Bernardino National Forest - California - USA*Big Bear Valley - San Bernardino National Forest - California - USA,USA,5.2,
3080130,Five Aces: The Zybourne Clock,2013,2013,Action*Comedy*Sci-Fi*Short,1889,,,English,California - USA	(the great plains),USA,,
3080131,Five Across the Eyes,2006,2006,Horror,3778,,131,English,Morristown - Tennessee - USA,USA,2.7,95
3080132,Five After,2014,2014,Drama*Short,,,,English,Bowling Green - Kentucky - USA,USA,,
3080135,Five Alarm Funk: We All Scream,2013,2013,Music*Short,2106,,,English,,Canada,,
3080136,Five American Guns,1983,1983,Documentary,,,,English,,USA,,
3080137,Five and Dime,1933,1933,Animation*Short,,,,English,,USA,7.2,
3080138,Five and Five,2016,2016,Documentary,2833,,,English,California - USA,USA,,
3080139,Five and Ten,1931,1931,Drama*Romance,,,60,English,Metro-Goldwyn-Mayer Studios - 10202 W. Washington Blvd. - Culver City - California - USA,USA,8.2,
3080140,Five and Ten Cent Annie,1928,1928,Comedy,,,,English,,USA,,60
3080141,Five and the Pink Bullet,2011,2011,Drama*Fantasy*Short,,,,English,,USA,,
3080142,Five and Under,1941,1941,Documentary*Short,,,,English,,UK,6.6,
3080143,Five Apts.,2010,2010,Comedy*Crime*Mystery*Short,,,,English,,USA,,
3080144,Five Artists: BillBobBillBillBob,1971,1971,Documentary,,,,English,,USA,,
3080145,Five at the George,1939,1939,Horror,,,,English,,UK,,
3080146,Five Bad Men,1935,1935,Western,,,,English,,USA,,55
3080147,Five Beans in a Cup,2003,2003,Drama,9445,,,English,Reno - Nevada - USA,USA,,
3080148,Five Bells for Logan,1961,1961,Drama,,,,English,,UK,,
3080149,Five Billion Years,1981,1981,Animation*Documentary*History*Short,,,,English,,Canada,,
3080150,Five Blocks Away,2016,2016,Drama,47223,,,,Atlanta - Georgia - USA,USA,,
3080151,Five Blondes,2005,2005,Adult,,,,English,,USA,,
3080152,Five Bloody Graves,1969,1969,Western,,,,English,Capital Reef National Monument - Torrey - Utah - USA*Frutah - Utah - USA,USA,1.9,
3080153,Five Bold Women,1960,1960,Western,,,,English,Brackettville - Texas - USA,USA,7.1,
3080154,Five Bold - Bad Men,1911,1911,Comedy*Short,,,,English,,USA,,
3080155,Five Bones,2011,2011,Biography*Documentary*Short,,,,English,,Bahamas*USA,,
3080157,Five Boys and A Wheel,2016,2016,Comedy*Drama*Short,18889,,,Arabic,,Jordan*Occupied Palestinian Territory,,
3080158,Five Broken Cameras,2011,2011,Documentary*War,,267560,,Hebrew*Arabic,Tel Aviv-Yafo - Tel Aviv - Israel*Bil'in - Ramallah and al-Bireh - Palestine*Nil'in - Ramallah and al-Bireh - Palestine,Occupied Palestinian Territory*Israel*France*Netherlands,8.0,
3080160,Five Bullets - Five Names,2015,2015,Crime*Short,2106,,832,English,Calgary - Alberta - Canada*Drumheller - Alberta - Canada	(Waldorf Hotel Interior)*Edmonton - Alberta - Canada	(Neon Museum B-Roll),Canada,,
3080161,Five by Ten,2001,2001,Comedy*Short,3511,,,English,,Canada,,
3080162,Five Byzantine Churches,2013,2013,Documentary*History,,,,,,USA*Greece,,
3080163,Five Came Back,1939,1939,Adventure*Drama*Thriller,212505,,,English*Spanish,,USA,7.1,
3080164,Five Came Back,2011,2011,Horror,,,,,,,,
3080165,Five Card,2000,2000,Adult*Animation*Short,,,,Japanese,,Japan,,
3080166,Five Card Stud,1990,1990,Adult,,,,English,,USA,,
3080167,Five Census,2011,2011,Crime*Drama*Short*Thriller,,,,English,,USA,,
3080168,Five Cent War.com,2003,2003,Documentary,,,,English,,Canada,,
3080169,Five Cents,2007,2007,Comedy*Short,189,,,English,Salt Lake City - Utah - USA,USA,,7
3080170,Five Cents a Copy,1980,1980,Animation*Short,,,,English,Winnipeg - Manitoba - Canada,Canada,,5
3080171,Five Cents - Bag Tax - and a Cleaner World,2012,2012,Documentary*Short,378,,,English,,USA,,
3080173,Five Children & It: 'Making of' Featurette,2005,2005,Documentary,,,,English,,UK,,
3080174,Five Children and It,2004,2004,Adventure*Family*Fantasy,,1794191,,English,England - UK*Isle of Man*UK,France*UK*USA,5.6,
3080176,Five Clues to Fortune,1957,1957,Crime*Drama,,,,English,,UK,7.9,
3080177,Five Colors,2011,2011,Comedy,,,,Spanish,,Spain,6.9,
3080178,Five Conversations About Soul,2003,2003,Documentary,141670,,,,Baltimore - Maryland - USA*New York City - New York - USA*Philadelphia - Pennsylvania - USA,USA,,63
3080180,Five Corners,1987,1987,Crime*Drama*Thriller,,915381,114,English,Astoria - Queens - New York City - New York - USA,UK*USA,6.3,95
3080181,Five Cups,2016,2016,Short,,,,English,,USA,,
3080182,Five da 5,2001,2001,Drama,,,,English,,USA,,
3080183,Five Dances,2013,2013,Drama*Music*Romance,,,,English,,USA,7.2,
3080184,Five Dates,2011,2011,Comedy*Drama*Romance,2833,,,English,Fayetteville - Arkansas - USA*Rogers - Arkansas - USA,USA,,94
3080185,Five Dates,2017,2017,Comedy*Romance,,,,English,,USA,,
3080186,Five Day Shelter,2010,2010,Drama,1700000,,,English,County Louth - Ireland,Ireland,6.7,85
3080187,Five Days,1954,1954,Crime*Drama*Film-Noir,,,,English,Bray Studios - Down Place - Oakley Green - Berkshire - England - UK	(studio),UK,6.0,
3080188,Five Days,1986,1986,Drama*Short,1409,,,English,Sydney - Australia,Australia,,
3080189,Five Days,2010,2010,Short*Thriller,472,,,English,Leveen - Arizona - USA,USA,6.4,
3080190,Five Days,2012,2012,Drama*Short,,,,English,,USA,,
3080191,Five Days,2016,2016,Romance*Short,,,,English,,Germany,,
3080193,Five Days from Home,1978,1978,Action*Crime*Drama*Thriller,944465,606128,,English,Minden - Louisiana - USA*Shreveport - Louisiana - USA*New Mexico - USA	(Carson National Forest)*Albuquerque - New Mexico - USA*Angola - Louisiana - USA*Espanola - New Mexico - USA*Las Vegas - New Mexico - USA*Santa Fe - New Mexico - USA*Springhill - Los Angeles - California - USA*Springhill - Louisiana - USA,USA,6.1,
3080194,Five Days Gone,2010,2010,Drama,,,,English,,USA,6.9,
3080195,Five Days in Calcutta,2016,2016,Comedy*Short,14167,,,English,Los Angeles - California - USA,USA,,
3080196,Five Days in June,2009,2009,Drama*Short,,,,English,Simi Valley - California - USA,USA,4.2,
3080197,Five Days in September: The Rebirth of an Orchestra,2005,2005,Documentary*Music,,,,English,,Canada*Norway,7.6,
3080198,Five Days in the 'A',2009,2009,Drama,472233,,,English,,USA,,119
3080199,Five Days in Winter: The LT Sean Snyder Story,2015,2015,Short,,,,English,Virginia Beach - Virginia - USA	(location),USA,,
3080200,Five Days of Fire,2007,2007,War,,,,English,Rexburg - Idaho - USA,USA,,
3080201,Five Days on Lesvos,2016,2016,Documentary,,,,English,,UK,,
3080202,Five Days on Mt. Washington,1999,1999,Documentary*Short,,,,English,,Canada*USA,,
3080203,Five Days One Summer,1982,1982,Drama,14166981,188022,,English*German*French,Latsch - Kanton Graubnden - Switzerland*Pontresina - Kanton Graubnden - Switzerland*Samedan airport - Samedan - Kanton Graubnden - Switzerland,USA,6.1,108
3080204,Five Days Straight,2014,2014,Comedy*Romance*Short,,,,English,,USA,,
3080205,Five Days That Changed Britain,2010,2010,History,,,,English,,UK,,
3080207,Five days to dance,2014,2014,Documentary*Family*Music,,,,Spanish,,Spain*Germany,7.4,
3080208,Five Days to Fame: The Miss World Canada Story,2004,2004,Documentary,,,,English,Muskoka - Ontario - Canada*Toronto - Ontario - Canada,Canada,8.8,47
3080209,Five Days to Live,1922,1922,Drama,,,,,,USA,,60
3080210,Five Days: Making Five Days,2007,2007,Documentary*Short,,,,English*Turkish,England - UK,UK,,
3080211,Five Days: Revised Final Episode,2007,2007,Crime*Short,,,,English,England - UK,UK,,
3080212,Five Deadly Venoms,2010,2010,Drama,,,,,,,,
3080213,Five Decades,2007,2007,Crime*Drama*Thriller,,,,,,,,
3080214,Five Decapitations,2013,2013,Comedy*Horror*Mystery*Short,,,,English,,USA,,
3080215,Five Dedicated to Ozu,2003,2003,Documentary,,,,None,Gijn - Asturias - Spain	(San Lorenzo Beach),Iran*Japan*France,6.5,75
3080216,Five Deep Breaths,2003,2003,Short,,,,,,USA,7.2,
3080217,Five Degrees of Rural: Welcoming Home Rural Genius,2010,2010,Documentary*Family*History*Short,,,,English,,USA,,
3080218,Five Desperate Hours,1997,1997,Crime*Drama*Thriller,,,,English,Vancouver - British Columbia - Canada,Canada*USA,6.0,89
3080219,Five Desperate Women,1971,1971,Drama*Thriller,,,,English,,USA,6.0,
3080220,Five Difficult Situations,2007,2007,Comedy*Short,5667,,,English,Alexandria - Virginia - USA*New York City - New York - USA,USA,,12
3080221,Five Directors on 'The Battle of Algiers',2004,2004,Documentary*Short,,,,English,,USA,6.2,
3080222,Five Directors' Interpretations of Opening Suite,2013,2013,Music*Short,,,,English,,USA,,
3080223,Five Dollar Fine,1997,1997,Comedy*Short,,,,English,,Canada,6.0,
3080224,Five Dollar Meal,2014,2014,Drama*Family*Short,2361,,,English,Los Angeles - California - USA*Van Nuys - Los Angeles - California - USA,USA,3.7,8
3080225,Five Dollars,2010,2010,Comedy*Short,,,,English,,USA,,
3080226,Five Dollars,2013,2013,Drama*Family*Short,4213,,,English,Toronto - Ontario - Canada,Canada,,
3080227,Five Dollars,2016,2016,Action*Drama*Short*Thriller,,,,English,,USA,,
3080228,Five Dollars a Day,2005,2005,Comedy*Drama,,,,English,,,,
3080229,Five Dollars an Hour,2003,2003,Drama*Short,769,,5,English,,USA,,9
3080230,Five Dollars or Less,2015,2015,Comedy*Short,1889,,,English,Comic Strip Live - New York City - New York - USA*Mad River Restaurant - New York City - New York - USA*Carl Schurz Park - Manhattan - New York City - New York - USA	(New York - NY),USA,,
3080231,Five Doors,2003,2003,Comedy*Romance*Short,4213,,,English,Toronto - Ontario - Canada,Canada,,11
3080232,Five Down,2007,2007,Mystery*Short,28334,,,English,,USA,,10
3080234,Five Dreams from the Attic Diaries,2012,2012,Short,5861,,,English,,UK,,
3080235,Five Easy Pieces,1970,1970,Drama,1511145,17174444,54,English,Chemainus - North Cowichan - British Columbia - Canada	(final scene on Island Highway at Mt. Sicker Rd)*Mill Bay - British Columbia - Canada	(ferry landing)*Central Saanich - British Columbia - Canada	(family mansion)*Cooper's True Value - 407 9th Street - Taft - California - USA	(bowling alley scene)*19th & L Street - Bakersfield - California - USA	(where Robert walks down sidewalk on his way home.)*Bakersfield - California - USA*British Columbia - Canada*California - USA*Eugene - Oregon - USA	(diner scene at 3652 Glenwood Dr.)*Florence - Oregon - USA*Franklin Park - Illinois - USA*Illinois - USA*Interstate 5 - Bakersfield - California - USA	(freeway scene)*Kern County - California - USA*Oregon - USA*Portland - Oregon - USA*Seattle - Washington - USA*Taft - California - USA	(oil field)*Vancouver Island - British Columbia - Canada*Vancouver - British Columbia - Canada*Washington - USA,USA,7.5,
3080236,Five Easy Pieces,1995,1995,Short,,,,English,,UK,,
3080237,Five Easy Pieces: BBStory,2010,2010,Documentary,,,,English,,USA,,
3080238,Five Easy Steps,2015,2015,Sci-Fi*Short,,,,English,,UK,,
3080239,Five Elements,2009,2009,Short,5861,,,English,Essex - England - UK,UK,,20
3080240,Five Evenings,1912,1912,Comedy*Short,,,,English,,USA,,
3080241,Five F*cking Fables,2003,2003,Animation*Short,,,,,,USA,6.2,5
3080242,Five Fathoms of Fun,1947,1947,Documentary*Short*Sport,,,,English,,USA,,
3080243,Five Fears,2014,2014,Comedy*Short,1417,,,English,,USA,,
3080244,Five Feelings About Food,2005,2005,Short,28334,,,English*French,France,USA*Sweden,,27
3080245,Five Feet High and Rising,2000,2000,Short,,,,English,New York - USA*USA*New York City - New York - USA,USA,6.2,
3080247,Five Films Shorty: Experiments in Photo-Chemistry and Daily Life,2011,2011,Drama*History*Short,,,,English,,USA,,
3080248,Five Filosophical Fables,1970,1970,Comedy,,,,Japanese,,Japan,7.8,
3080249,Five Find Your Limit,2016,2016,Horror*Mystery,,,,German,,Germany,,
3080250,Five Finger Death Punch: Bad Company,2010,2010,Music*Short,,,,English,,USA,,
3080251,Five Finger Death Punch: House of the Rising Sun,2014,2014,Music*Short,37779,,,English,Las Vegas - Nevada - USA,USA,8.0,
3080252,Five Finger Death Punch: Jekyll and Hyde,2015,2015,Music*Short,,,,English,,USA,,
3080253,Five Finger Death Punch: My Nemesis,2016,2016,Music*Short,,,,English,,USA,,
3080254,Five Finger Death Punch: The Bleeding,2010,2010,Music*Short,,,,English,,USA,,
3080255,Five Finger Death Punch: Under and Over It,2011,2011,Music*Short,,,,English,,USA,,
3080256,Five Finger Exercise,1962,1962,Drama,,,,English,,USA,6.8,
3080257,Five Finger Fillet,2011,2011,Comedy*Short,283,,,English,,USA,,
3080258,Five Fingers,2005,2005,Drama*Romance,,,,Malayalam,,India,4.3,
3080259,Five Fingers,2006,2006,Drama*Thriller,,,,English,Amsterdam - Noord-Holland - Netherlands*Middelburg - Zeeland - Netherlands	(Middelburg)*Morocco*New Orleans - Louisiana - USA,USA,6.4,
3080260,Five Fingers,2009,2009,Drama*Short,3778,,,English,New York City - New York - USA,USA,5.4,9
3080261,Five Fingers for Marseilles,2017,2017,Drama*Thriller*Western,,,,Sotho,,South Africa,,
3080265,Five Floors,2017,2017,Fantasy,,,14,English,Los Angeles - California - USA*Palm Springs - California - USA,USA,,
3080266,Five Foot Ten,2006,2006,Drama*Short,492,,,English,,Canada,,
3080267,Five for Four,1942,1942,Animation*Short,,,,,,Canada,6.7,
3080268,Five for Silence,2009,2009,Drama*Short*Thriller,,,,English,,USA,,
3080269,Five Forms to Black,2004,2004,Documentary,,,,English,,USA,,
3080270,Five Fragments of the Extinct Empathy,2011,2011,Documentary*History*Short,,,,Finnish,,Finland,,
3080271,Five Friends,2010,2010,Biography*Documentary,,,,English,,USA,6.4,
3080272,Five Gates to Hell,1959,1959,Adventure*Drama*War,,,,English,,USA,5.9,
3080276,Five Golden Dragons,1967,1967,Action*Drama,,,,English*German*Chinese,Hong Kong - China*Shaw Brothers Studios - Hong Kong,UK*West Germany*Liechtenstein,5.0,104
3080277,Five Golden Hours,1961,1961,Comedy,,,,English,Bolzano - Trentino-Alto Adige - Italy,UK*Italy,5.5,89
3080278,Five Good Reasons,2006,2006,Drama*Short,26683,,,English,Auckland - New Zealand,New Zealand,,
3080280,Five Grand,2015,2015,Action*Crime*Drama*Thriller*Western,,,,English,Calico Ghost Town - Yermo - California - USA	(location),USA,3.8,
3080281,Five Grand and a Girl,1940,1940,Comedy*Short,,,,English,,USA,,
3080282,Five Graves to Cairo,1943,1943,Thriller*War,807518,,119,English*German,Yuma - Arizona - USA*Mojave Desert - Arizona - USA*Paramount Studios - 5555 Melrose Avenue - Hollywood - Los Angeles - California - USA	(studio),USA,7.4,
